Name,Ticker,Sub-Sector
Reliance Industries Ltd,RELIANCE,Oil & Gas - Refining & Marketing
HDFC Bank Ltd,HDFCBANK,Private Banks
Bharti Airtel Ltd,BHARTIARTL,Telecom Services
Tata Consultancy Services Ltd,TCS,IT Services & Consulting
State Bank of India,SBIN,Public Banks
ICICI Bank Ltd,ICICIBANK,Private Banks
Larsen and Toubro Ltd,LT,Construction & Engineering
Bajaj Finance Ltd,BAJFINANCE,Consumer Finance
Infosys Ltd,INFY,IT Services & Consulting
Life Insurance Corporation Of India,LICI,Insurance
Hindustan Unilever Ltd,HINDUNILVR,FMCG - Household Products
Adani Power Ltd,ADANIPOWER,Power Generation
Sun Pharmaceutical Industries Ltd,SUNPHARMA,Pharmaceuticals
Adani Ports and Special Economic Zone Ltd,ADANIPORTS,Ports
Adani Enterprises Ltd,ADANIENT,Commodities Trading
Maruti Suzuki India Ltd,MARUTI,Four Wheelers
Axis Bank Ltd,AXISBANK,Private Banks
Kotak Mahindra Bank Ltd,KOTAKBANK,Private Banks
Titan Company Ltd,TITAN,"Precious Metals, Jewellery & Watches"
Mahindra and Mahindra Ltd,M&M,Four Wheelers
NTPC Ltd,NTPC,Power Generation
ITC Ltd,ITC,FMCG - Tobacco
HCL Technologies Ltd,HCLTECH,IT Services & Consulting
Oil and Natural Gas Corporation Ltd,ONGC,Oil & Gas - Exploration & Production
UltraTech Cement Ltd,ULTRACEMCO,Cement
JSW Steel Ltd,JSWSTEEL,Iron & Steel
Bharat Electronics Ltd,BEL,Electronic Equipments
Coal India Ltd,COALINDIA,Mining - Coal
Bajaj Auto Ltd,BAJAJ-AUTO,Two Wheelers
Hindustan Aeronautics Ltd,HAL,Aerospace & Defense Equipments
Bajaj Finserv Ltd,BAJAJFINSV,Insurance
Nestle India Ltd,NESTLEIND,FMCG - Foods
Avenue Supermarts Ltd,DMART,Retail - Department Stores
Hindustan Zinc Ltd,HINDZINC,Mining - Diversified
Tata Steel Ltd,TATASTEEL,Iron & Steel
Power Grid Corporation of India Ltd,POWERGRID,Power Transmission & Distribution
Hindalco Industries Ltd,HINDALCO,Metals - Aluminium
Asian Paints Ltd,ASIANPAINT,Paints
Adani Green Energy Ltd,ADANIGREEN,Renewable Energy
Eternal Ltd,ETERNAL,Online Services
Wipro Ltd,WIPRO,IT Services & Consulting
Shriram Finance Ltd,SHRIRAMFIN,Consumer Finance
Grasim Industries Ltd,GRASIM,Cement
Indian Oil Corporation Ltd,IOC,Oil & Gas - Refining & Marketing
Eicher Motors Ltd,EICHERMOT,Trucks & Buses
Adani Energy Solutions Ltd,ADANIENSOL,Power Infrastructure
Varun Beverages Ltd,VBL,Soft Drinks
SBI Life Insurance Company Ltd,SBILIFE,Insurance
Divi's Laboratories Ltd,DIVISLAB,Labs & Life Sciences Services
Interglobe Aviation Ltd,INDIGO,Airlines
Solar Industries India Ltd,SOLARINDS,Commodity Chemicals
ICICI Prudential Asset Management Company Ltd,ICICIAMC,Asset Management
TVS Motor Company Ltd,TVSMOTOR,Two Wheelers
BSE Ltd,BSE,Stock Exchanges & Ratings
Cummins India Ltd,CUMMINSIND,Industrial Machinery
Jio Financial Services Ltd,JIOFIN,Consumer Finance
Hitachi Energy India Ltd,POWERINDIA,Heavy Electrical Equipments
Tech Mahindra Ltd,TECHM,IT Services & Consulting
Vodafone Idea Ltd,IDEA,Telecom Services
Samvardhana Motherson International Ltd,MOTHERSON,Auto Parts
Hyundai Motor India Ltd,HYUNDAI,Four Wheelers
ABB India Ltd,ABB,Heavy Electrical Equipments
Trent Ltd,TRENT,Retail - Apparel
Pidilite Industries Ltd,PIDILITIND,Diversified Chemicals
DLF Ltd,DLF,Real Estate
Torrent Pharmaceuticals Ltd,TORNTPHARM,Pharmaceuticals
Tata Motors Passenger Vehicles Ltd,TMPV,Four Wheelers
Polycab India Ltd,POLYCAB,Electrical Components & Equipments
Bharat Heavy Electricals Ltd,BHEL,Heavy Electrical Equipments
CG Power and Industrial Solutions Ltd,CGPOWER,Heavy Electrical Equipments
Bank of Baroda Ltd,BANKBARODA,Public Banks
Tata Motors Ltd,TMCV,Trucks & Buses
Power Finance Corporation Ltd,PFC,Specialized Finance
Siemens Ltd,SIEMENS,Conglomerates
Tata Power Company Ltd,TATAPOWER,Power Transmission & Distribution
Muthoot Finance Ltd,MUTHOOTFIN,Consumer Finance
Vedanta Ltd,VEDL,Metals - Diversified
Siemens Energy India Ltd,ENRIN,Power Generation
LTM Ltd,LTM,IT Services & Consulting
Bharat Petroleum Corporation Ltd,BPCL,Oil & Gas - Refining & Marketing
Tata Capital Ltd,TATACAP,Consumer Finance
Cholamandalam Investment and Finance Company Ltd,CHOLAFIN,Consumer Finance
Indian Railway Finance Corp Ltd,IRFC,Specialized Finance
HDFC Life Insurance Company Ltd,HDFCLIFE,Insurance
Union Bank of India Ltd,UNIONBANK,Public Banks
Britannia Industries Ltd,BRITANNIA,FMCG - Foods
Jindal Steel Ltd,JINDALSTEL,Iron & Steel
GE Vernova T&D India Ltd,GVT&D,Heavy Electrical Equipments
Punjab National Bank,PNB,Public Banks
Billionbrains Garage Ventures Ltd,GROWW,Investment Banking & Brokerage
Canara Bank Ltd,CANBK,Public Banks
Apollo Hospitals Enterprise Ltd,APOLLOHOSP,Hospitals & Diagnostic Centres
Tata Consumer Products Ltd,TATACONSUM,Tea & Coffee
Bajaj Holdings and Investment Ltd,BAJAJHLDNG,Asset Management
Indus Towers Ltd,INDUSTOWER,Telecom Infrastructure
Cipla Ltd,CIPLA,Pharmaceuticals
Indian Bank,INDIANB,Public Banks
HDFC Asset Management Company Ltd,HDFCAMC,Asset Management
Bosch Ltd,BOSCHLTD,Auto Parts
Ambuja Cements Ltd,AMBUJACEM,Cement
Zydus Lifesciences Ltd,ZYDUSLIFE,Pharmaceuticals
Gail (India) Ltd,GAIL,Gas Distribution
JSW Energy Ltd,JSWENERGY,Power Generation
Dr Reddy's Laboratories Ltd,DRREDDY,Pharmaceuticals
Marico Ltd,MARICO,FMCG - Personal Products
LG Electronics India Ltd,LGEINDIA,Home Electronics & Appliances
GMR Airports Ltd (India),GMRAIRPORT,Construction & Engineering
Lupin Ltd,LUPIN,Pharmaceuticals
Lloyds Metals and Energy Ltd,LLOYDSME,Iron & Steel
Godrej Consumer Products Ltd,GODREJCP,FMCG - Personal Products
Mazagon Dock Shipbuilders Ltd,MAZDOCK,Shipbuilding
Hero MotoCorp Ltd,HEROMOTOCO,Two Wheelers
Mankind Pharma Ltd,MANKIND,Pharmaceuticals
Indian Hotels Company Ltd,INDHOTEL,"Hotels, Resorts & Cruise Lines"
United Spirits Ltd,UNITDSPR,Alcoholic Beverages
Max Healthcare Institute Ltd,MAXHEALTH,Hospitals & Diagnostic Centres
Aditya Birla Capital Ltd,ABCAPITAL,Diversified Financials
Lenskart Solutions Ltd,LENSKART,Retail - Speciality
Bharat Forge Ltd,BHARATFORG,Iron & Steel
Lodha Developers Ltd,LODHA,Real Estate
Shree Cement Ltd,SHREECEM,Cement
Oracle Financial Services Software Ltd,OFSS,Software Services
Waaree Energies Ltd,WAAREEENER,Renewable Energy Equipment & Services
Ashok Leyland Ltd,ASHOKLEY,Trucks & Buses
ICICI Lombard General Insurance Company Ltd,ICICIGI,Insurance
REC Ltd,RECLTD,Specialized Finance
Persistent Systems Ltd,PERSISTENT,Software Services
Ntpc Green Energy Ltd,NTPCGREEN,Renewable Energy
Steel Authority of India Ltd,SAIL,Iron & Steel
NMDC Ltd,NMDC,Mining - Iron Ore
Aurobindo Pharma Ltd,AUROPHARMA,Pharmaceuticals
Hindustan Petroleum Corp Ltd,HINDPETRO,Oil & Gas - Refining & Marketing
Meesho Ltd,MEESHO,Retail - Online
SRF Ltd,SRF,Diversified Chemicals
Adani Total Gas Ltd,ATGL,Gas Distribution
National Aluminium Co Ltd,NATIONALUM,Metals - Aluminium
Oil India Ltd,OIL,Oil & Gas - Exploration & Production
IDBI Bank Ltd,IDBI,Private Banks
FSN E-Commerce Ventures Ltd,NYKAA,Wellness Services
PB Fintech Ltd,POLICYBZR,Online Services
Dabur India Ltd,DABUR,FMCG - Personal Products
Suzlon Energy Ltd,SUZLON,Renewable Energy Equipment & Services
Laurus Labs Ltd,LAURUSLABS,Pharmaceuticals
Bharti Hexacom Ltd,BHARTIHEXA,Telecom Services
Havells India Ltd,HAVELLS,Electrical Components & Equipments
Multi Commodity Exchange of India Ltd,MCX,Stock Exchanges & Ratings
AU Small Finance Bank Ltd,AUBANK,Consumer Finance
NHPC Ltd,NHPC,Renewable Energy
Federal Bank Ltd,FEDERALBNK,Private Banks
Torrent Power Ltd,TORNTPOWER,Power Transmission & Distribution
Yes Bank Ltd,YESBANK,Private Banks
Indusind Bank Ltd,INDUSINDBK,Private Banks
Dixon Technologies (India) Ltd,DIXON,Home Electronics & Appliances
Fortis Healthcare Ltd,FORTIS,Hospitals & Diagnostic Centres
ICICI Prudential Life Insurance Company Ltd,ICICIPRULI,Insurance
Nippon Life India Asset Management Ltd,NAM-INDIA,Asset Management
Bajaj Housing Finance Ltd,BAJAJHFL,Consumer Finance
One 97 Communications Ltd,PAYTM,Online Services
L&T Finance Ltd,LTF,Consumer Finance
Biocon Ltd,BIOCON,Biotechnology
General Insurance Corporation of India,GICRE,Insurance
Swiggy Ltd,SWIGGY,Online Services
Info Edge (India) Ltd,NAUKRI,Online Services
Coforge Ltd,COFORGE,IT Services & Consulting
Schaeffler India Ltd,SCHAEFFLER,Auto Parts
Indian Overseas Bank,IOB,Public Banks
UNO Minda Ltd,UNOMINDA,Auto Parts
Alkem Laboratories Ltd,ALKEM,Pharmaceuticals
Bank of India Ltd,BANKINDIA,Public Banks
Glenmark Pharmaceuticals Ltd,GLENMARK,Pharmaceuticals
IDFC First Bank Ltd,IDFCFIRSTB,Private Banks
Phoenix Mills Ltd,PHOENIXLTD,Real Estate
Oberoi Realty Ltd,OBEROIRLTY,Real Estate
Bank of Maharashtra Ltd,MAHABANK,Public Banks
CPSE ETF,CPSEETF,Equity
Tube Investments of India Ltd,TIINDIA,Cycles
Prestige Estates Projects Ltd,PRESTIGE,Real Estate
Berger Paints India Ltd,BERGEPAINT,Paints
Linde India Ltd,LINDEINDIA,Commodity Chemicals
SBI Cards and Payment Services Ltd,SBICARD,Payment Infrastructure
JSW Infrastructure Ltd,JSWINFRA,Ports
Jindal Stainless Ltd,JSL,Iron & Steel
Fertilisers And Chemicals Travancore Ltd,FACT,Fertilizers & Agro Chemicals
Thermax Limited,THERMAX,Industrial Machinery
Abbott India Ltd,ABBOTINDIA,Pharmaceuticals
Vishal Mega Mart Ltd,VMM,FMCG - Foods
Max Financial Services Ltd,MFSL,Insurance
Colgate-Palmolive (India) Ltd,COLPAL,FMCG - Personal Products
Tata Communications Ltd,TATACOMM,Telecom Services
UPL Ltd,UPL,Fertilizers & Agro Chemicals
HDB Financial Services Ltd,HDBFS,Consumer Finance
Apar Industries Ltd,APARINDS,Electrical Components & Equipments
MRF Ltd,MRF,Tires & Rubber
Hindustan Copper Ltd,HINDCOPPER,Mining - Copper
Motilal Oswal Financial Services Ltd,MOTILALOFS,Diversified Financials
Godrej Properties Ltd,GODREJPROP,Real Estate
Altius Telecom Infrastructure Trust,ALTIUSINVIT,Telecom Infrastructure
Coromandel International Ltd,COROMANDEL,Fertilizers & Agro Chemicals
Knowledge Realty Trust,KRT,Real Estate
KEI Industries Ltd,KEI,Cables
Rail Vikas Nigam Ltd,RVNL,Specialized Finance
Patanjali Foods Ltd,PATANJALI,Packaged Foods & Meats
APL Apollo Tubes Ltd,APLAPOLLO,Building Products - Pipes
Premier Energies Ltd,PREMIERENE,Renewable Energy
NLC India Ltd,NLCINDIA,Metals - Diversified
Sundaram Finance Ltd,SUNDARMFIN,Consumer Finance
Radico Khaitan Ltd,RADICO,Alcoholic Beverages
Mphasis Ltd,MPHASIS,IT Services & Consulting
Supreme Industries Ltd,SUPREMEIND,Plastic Products
360 One Wam Ltd,360ONE,Investment Banking & Brokerage
Bharat Dynamics Ltd,BDL,Aerospace & Defense Equipments
Anthem Biosciences Ltd,ANTHEM,Biotechnology
AIA Engineering Ltd,AIAENG,Industrial Machinery
Page Industries Ltd,PAGEIND,Apparel & Accessories
Balkrishna Industries Ltd,BALKRISIND,Tires & Rubber
PI Industries Ltd,PIIND,Diversified Chemicals
Indian Railway Catering and Tourism Corporation Ltd,IRCTC,Online Services
Embassy Office Parks REIT,EMBASSY,Real Estate
Voltas Ltd,VOLTAS,Home Electronics & Appliances
Astral Ltd,ASTRAL,Building Products - Pipes
Mahindra and Mahindra Financial Services Ltd,M&MFIN,Consumer Finance
UTI Nifty 50 ETF,NIFTYBETA,Equity
Housing and Urban Development Corporation Ltd,HUDCO,Specialized Finance
Petronet LNG Ltd,PETRONET,Oil & Gas - Storage & Transportation
Gujarat Fluorochemicals Ltd,FLUOROCHEM,Specialty Chemicals
Narayana Hrudayalaya Ltd,NH,Hospitals & Diagnostic Centres
J K Cement Ltd,JKCEMENT,Cement
Cochin Shipyard Ltd,COCHINSHIP,Shipbuilding
Authum Investment & Infrastructure Ltd,AIIL,Specialized Finance
IPCA Laboratories Ltd,IPCALAB,Pharmaceuticals
Sona BLW Precision Forgings Ltd,SONACOMS,Auto Parts
Aditya Infotech Ltd,CPPLUS,Electronic Equipments
Endurance Technologies Ltd,ENDURANCE,Auto Parts
Aster DM Healthcare Ltd,ASTERDM,Hospitals & Diagnostic Centres
Gland Pharma Ltd,GLAND,Pharmaceuticals
Gujarat Energy Ltd,GUJGASLTD,Gas Distribution
L&T Technology Services Ltd,LTTS,Software Services
GlaxoSmithKline Pharmaceuticals Ltd,GLAXO,Pharmaceuticals
Ather Energy Ltd,ATHERENERG,Two Wheelers
3M India Ltd,3MINDIA,Stationery
Welspun Corp Ltd,WELCORP,Iron & Steel
Kalyan Jewellers India Ltd,KALYANKJIL,"Precious Metals, Jewellery & Watches"
Ajanta Pharma Ltd,AJANTPHARM,Pharmaceuticals
Navin Fluorine International Ltd,NAVINFLUOR,Specialty Chemicals
National Highways Infra Trust,NHIT,Roads
Godrej Industries Ltd,GODREJIND,Diversified Chemicals
Godfrey Phillips India Ltd,GODFRYPHLP,FMCG - Tobacco
Bagmane Prime Office REIT,BAGMANE,Real Estate
Indian Renewable Energy Development Agency Ltd,IREDA,Specialized Finance
Container Corporation of India Ltd,CONCOR,Logistics
United Breweries Ltd,UBL,Alcoholic Beverages
Poonawalla Fincorp Ltd,POONAWALLA,Consumer Finance
Exide Industries Ltd,EXIDEIND,Batteries
J B Chemicals and Pharmaceuticals Ltd,JBCHEPHARM,Pharmaceuticals
KPR Mill Ltd,KPRMILL,Textiles
Tata Investment Corporation Ltd,TATAINVEST,Asset Management
Hexaware Technologies Ltd,HEXT,IT Services & Consulting
Bandhan Bank Ltd,BANDHANBNK,Private Banks
Dalmia Bharat Ltd,DALBHARAT,Cement
Delhivery Ltd,DELHIVERY,Logistics
Blue Star Ltd,BLUESTARCO,Home Electronics & Appliances
Emcure Pharmaceuticals Ltd,EMCURE,Pharmaceuticals
Global Health Ltd,MEDANTA,Hospitals & Diagnostic Centres
Wockhardt Ltd,WOCKPHARMA,Pharmaceuticals
ITC Hotels Ltd,ITCHOTELS,"Hotels, Resorts & Cruise Lines"
Star Health and Allied Insurance Company Ltd,STARHEALTH,Insurance
Angel One Ltd,ANGELONE,Investment Banking & Brokerage
UCO Bank,UCOBANK,Public Banks
Honeywell Automation India Ltd,HONAUT,Electronic Equipments
Mindspace Business Parks REIT,MINDSPACE,Real Estate
Himadri Speciality Chemical Ltd,HSCL,Commodity Chemicals
Procter & Gamble Hygiene and Health Care Ltd,PGHH,FMCG - Personal Products
Escorts Kubota Ltd,ESCORTS,Tractors
Tata Technologies Ltd,TATATECH,IT Services & Consulting
Garden Reach Shipbuilders & Engineers Ltd,GRSE,Shipbuilding
Krishna Institute of Medical Sciences Ltd,KIMS,Hospitals & Diagnostic Centres
Aditya Birla Sun Life AMC Ltd,ABSLAMC,Asset Management
Manappuram Finance Ltd,MANAPPURAM,Consumer Finance
LIC Housing Finance Ltd,LICHSGFIN,Home Financing
Anand Rathi Wealth Ltd,ANANDRATHI,Asset Management
HFCL Ltd,HFCL,Telecom Equipments
Sterlite Technologies Ltd,STLTECH,Telecom Equipments
Go Digit General Insurance Ltd,GODIGIT,Insurance
Nuvama Wealth Management Ltd,NUVAMA,Diversified Financials
ITI Ltd,ITI,Telecom Equipments
Nippon India Silver ETF,SILVERBEES,Silver
Karur Vysya Bank Ltd,KARURVYSYA,Private Banks
Jubilant Foodworks Ltd,JUBLFOOD,Restaurants & Cafes
SJVN Ltd,SJVN,Renewable Energy
Schneider Electric Infrastructure Ltd,SCHNEIDER,Heavy Electrical Equipments
Tata Elxsi Ltd,TATAELXSI,Software Services
CRISIL Ltd,CRISIL,Stock Exchanges & Ratings
NBCC (India) Ltd,NBCC,Construction & Engineering
Metro Brands Ltd,METROBRAND,Footwear
Inventurus Knowledge Solutions Ltd,IKS,Health Care Equipment & Supplies
Physicswallah Ltd,PWL,Education Services
Cholamandalam Financial Holdings Ltd,CHOLAHLDNG,Diversified Financials
TVS Holdings Ltd,TVSHLTD,Auto Parts
Shyam Metalics and Energy Ltd,SHYAMMETL,Iron & Steel
Netweb Technologies India Ltd,NETWEB,IT Services & Consulting
ZF Commercial Vehicle Control Systems India Ltd,ZFCVINDIA,Auto Parts
Kirloskar Oil Engines Ltd,KIRLOSENG,Industrial Machinery
Aegis Logistics Ltd,AEGISLOG,Oil & Gas - Storage & Transportation
Central Bank of India Ltd,CENTRALBK,Public Banks
Amber Enterprises India Ltd,AMBER,Home Electronics & Appliances
Timken India Ltd,TIMKEN,Industrial Machinery
Brookfield India Real Estate Trust,BIRET,Real Estate
PTC Industries Ltd,PTCIL,Iron & Steel
Dr. Lal PathLabs Ltd,LALPATHLAB,Hospitals & Diagnostic Centres
IRB Infrastructure Developers Ltd,IRB,Construction & Engineering
PNB Housing Finance Ltd,PNBHOUSING,Home Financing
Mangalore Refinery and Petrochemicals Ltd,MRPL,Oil & Gas - Refining & Marketing
ACC Ltd,ACC,Cement
Central Depository Services (India) Ltd,CDSL,Stock Exchanges & Ratings
Motherson Sumi Wiring India Ltd,MSUMI,Cables
Gillette India Ltd,GILLETTE,FMCG - Personal Products
Acutaas Chemicals Ltd,ACUTAAS,Biotechnology
Nippon India ETF Nifty IT,ITBEES,Equity
Apollo Tyres Ltd,APOLLOTYRE,Tires & Rubber
AWL Agri Business Ltd,AWL,FMCG - Foods
New India Assurance Company Ltd,NIACL,Insurance
Sumitomo Chemical India Ltd,SUMICHEM,Commodity Chemicals
Sai Life Sciences Ltd,SAILIFE,Biotechnology
CESC Ltd,CESC,Power Generation
KIOCL Ltd,KIOCL,Iron & Steel
Force Motors Ltd,FORCEMOT,Four Wheelers
Nexus Select Trust,NXST,Real Estate
Tenneco Clean Air India Ltd,TENNIND,Auto Parts
Deepak Nitrite Ltd,DEEPAKNTR,Commodity Chemicals
Asahi India Glass Ltd,ASAHIINDIA,Auto Parts
R R Kabel Ltd,RRKABEL,Cables
Bharat 22 ETF,ICICIB22,Equity
Data Patterns (India) Ltd,DATAPATTNS,Aerospace & Defense Equipments
Indraprastha Gas Ltd,IGL,Gas Distribution
Syrma SGS Technology Ltd,SYRMA,Electronic Equipments
HBL Engineering Ltd,HBLENGINE,Batteries
MTAR Technologies Ltd,MTARTECH,Industrial Machinery
Piramal Pharma Ltd,PPLPHARMA,Pharmaceuticals
Kalpataru Projects International Ltd,KPIL,Power Infrastructure
KPIT Technologies Ltd,KPITTECH,IT Services & Consulting
Triveni Turbine Ltd,TRITURBINE,Heavy Electrical Equipments
Astrazeneca Pharma India Ltd,ASTRAZEN,Pharmaceuticals
Neuland Laboratories Ltd,NEULANDLAB,Pharmaceuticals
Great Eastern Shipping Company Ltd,GESHIP,Oil & Gas - Storage & Transportation
Aegis Vopak Terminals Ltd,AEGISVOPAK,Oil & Gas - Storage & Transportation
Rubicon Research Ltd,RUBICON,Pharmaceuticals
Emmvee Photovoltaic Power Ltd,EMMVEE,Renewable Energy Equipment & Services
Craftsman Automation Ltd,CRAFTSMAN,Industrial Machinery
RBL Bank Ltd,RBLBANK,Private Banks
Gujarat Mineral Development Corporation Ltd,GMDCLTD,Mining - Diversified
Kaynes Technology India Ltd,KAYNES,Electrical Components & Equipments
Affle 3i Ltd,AFFLE,Advertising
CreditAccess Grameen Ltd,CREDITACC,Consumer Finance
Onesource Specialty Pharma Ltd,ONESOURCE,Biotechnology
Sammaan Capital Ltd,SAMMAANCAP,Home Financing
Pfizer Ltd,PFIZER,Pharmaceuticals
Ramco Cements Ltd,RAMCOCEM,Cement
Grindwell Norton Ltd,GRINDWELL,Industrial Machinery
Hatsun Agro Product Ltd,HATSUN,FMCG - Foods
Sun Tv Network Ltd,SUNTV,TV Channels & Broadcasters
IIFL Finance Ltd,IIFL,Investment Banking & Brokerage
Aadhar Housing Finance Ltd,AADHARHFC,Consumer Finance
ACME Solar Holdings Ltd,ACMESOLAR,Renewable Energy
Bayer Cropscience Ltd,BAYERCROP,Fertilizers & Agro Chemicals
Cube Highways Trust,CUBEINVIT,Roads
Anant Raj Ltd,ANANTRAJ,Real Estate
UTI BSE Sensex ETF,SENSEXBETA,Equity
Atul Ltd,ATUL,Diversified Chemicals
Carborundum Universal Ltd,CARBORUNIV,Industrial Machinery
Sagility Ltd,SAGILITY,Specialized Finance
Belrise Industries Ltd,BELRISE,Auto Parts
IFCI Ltd,IFCI,Specialized Finance
TD Power Systems Ltd,TDPOWERSYS,Heavy Electrical Equipments
Godawari Power and Ispat Ltd,GPIL,Iron & Steel
Granules India Ltd,GRANULES,Pharmaceuticals
Computer Age Management Services Ltd,CAMS,Diversified Financials
Capri Global Capital Ltd,CGCL,Consumer Finance
Eris Lifesciences Ltd,ERIS,Pharmaceuticals
Chambal Fertilisers and Chemicals Ltd,CHAMBLFERT,Fertilizers & Agro Chemicals
Tata Chemicals Ltd,TATACHEM,Diversified Chemicals
Firstsource Solutions Ltd,FSL,Outsourced services
Redington Ltd,REDINGTON,Technology Hardware
Elgi Equipments Ltd,ELGIEQUIP,Industrial Machinery
City Union Bank Ltd,CUB,Private Banks
Sansera Engineering Ltd,SANSERA,Auto Parts
Sarda Energy & Minerals Ltd,SARDAEN,Iron & Steel
Black Box Ltd,BBOX,Software Services
Castrol India Ltd,CASTROLIND,Commodity Chemicals
EIH Ltd,EIHOTEL,"Hotels, Resorts & Cruise Lines"
Bharat Coking Coal Ltd,BHARATCOAL,Mining - Coal
Cemindia Projects Ltd,CEMPRO,Construction & Engineering
Fractal Analytics Ltd,FRACTAL,IT Services & Consulting
Ratnamani Metals and Tubes Ltd,RATNAMANI,Building Products - Pipes
Kajaria Ceramics Ltd,KAJARIACER,Building Products - Ceramics
Vardhman Textiles Ltd,VTL,Textiles
Deepak Fertilisers and Petrochemicals Corp Ltd,DEEPAKFERT,Fertilizers & Agro Chemicals
Syngene International Ltd,SYNGENE,Labs & Life Sciences Services
Prime Focus Ltd,PFOCUS,Animation
Urban Company Ltd,URBANCO,Online Services
Crompton Greaves Consumer Electricals Ltd,CROMPTON,Home Electronics & Appliances
Sundram Fasteners Ltd,SUNDRMFAST,Auto Parts
JSW Cement Ltd,JSWCEMENT,Cement
Kansai Nerolac Paints Ltd,KANSAINER,Paints
Chalet Hotels Ltd,CHALET,"Hotels, Resorts & Cruise Lines"
Emami Ltd,EMAMILTD,FMCG - Personal Products
Aarti Industries Ltd,AARTIIND,Specialty Chemicals
Nava Limited,NAVA,Iron & Steel
Chennai Petroleum Corporation Ltd,CHENNPETRO,Oil & Gas - Refining & Marketing
LMW Ltd,LMW,Industrial Machinery
CIE Automotive India Ltd,CIEINDIA,Auto Parts
Natco Pharma Ltd,NATCOPHARM,Pharmaceuticals
Central Mine Planning & Design Institute Ltd,CMPDI,Mining - Diversified
Century Plyboards (India) Ltd,CENTURYPLY,Wood Products
Punjab & Sind Bank,PSB,Public Banks
Ola Electric Mobility Ltd,OLAELEC,Two Wheelers
Bikaji Foods International Ltd,BIKAJI,FMCG - Foods
Cohance Lifesciences Ltd,COHANCE,Pharmaceuticals
Pine Labs Ltd,PINELABS,Software Services
IndiGrid Infrastructure Trust,INDIGRID,Power Transmission & Distribution
Vertis Infrastructure Trust,VERTIS,Roads
Travel Food Services Ltd,TRAVELFOOD,Airports
National Securities Depository Ltd,NSDL,Stock Exchanges & Ratings
Gallantt Ispat Ltd,GALLANTT,Iron & Steel
DCM Shriram Ltd,DCMSHRIRAM,Diversified Chemicals
Brigade Enterprises Ltd,BRIGADE,Real Estate
Amara Raja Energy & Mobility Ltd,ARE&M,Batteries
Zydus Wellness Ltd,ZYDUSWELL,FMCG - Foods
Avanti Feeds Ltd,AVANTIFEED,Packaged Foods & Meats
International Gemological Institute Ltd,IGIL,Education Services
Jammu and Kashmir Bank Ltd,J&KBANK,Private Banks
Apollo Micro Systems Ltd,APOLLO,Electronic Equipments
Niva Bupa Health Insurance Company Ltd,NIVABUPA,Insurance
Gabriel India Ltd,GABRIEL,Auto Parts
Jubilant Pharmova Ltd,JUBLPHARMA,Pharmaceuticals
NMDC Steel Ltd,NSLNISP,Iron & Steel
Jindal SAW Ltd,JINDALSAW,Building Products - Pipes
Finolex Cables Ltd,FINCABLES,Cables
JBM Auto Ltd,JBMA,Auto Parts
Allied Blenders and Distillers Ltd,ABDL,Alcoholic Beverages
SPR Auto Technologies Ltd,SHRIPISTON,Auto Parts
Gujarat State Petronet Ltd,GSPL,Gas Distribution
Caplin Point Laboratories Ltd,CAPLIPOINT,Pharmaceuticals
Dr. Agarwal's Health Care Ltd,AGARWALEYE,Hospitals & Diagnostic Centres
Anupam Rasayan India Ltd,ANURAS,Specialty Chemicals
Zen Technologies Ltd,ZENTEC,Electronic Equipments
Atlanta Electricals Ltd,ATLANTAELE,Electrical Components & Equipments
Usha Martin Ltd,USHAMART,Iron & Steel
Nippon India ETF Gold BeES,GOLDBEES,Gold
Sobha Ltd,SOBHA,Real Estate
Minda Corporation Ltd,MINDACORP,Auto Parts
Kfin Technologies Ltd,KFINTECH,Business Support Services
Ventive Hospitality Ltd,VENTIVE,"Hotels, Resorts & Cruise Lines"
Choice International Ltd,CHOICEIN,Investment Banking & Brokerage
Aether Industries Ltd,AETHER,Specialty Chemicals
Maharashtra Scooters Ltd,MAHSCOOTER,Two Wheelers
Inox Wind Ltd,INOXWIND,Heavy Electrical Equipments
BASF India Ltd,BASF,Diversified Chemicals
BEML Ltd,BEML,Rail
Thangamayil Jewellery Ltd,THANGAMAYL,"Precious Metals, Jewellery & Watches"
Alembic Pharmaceuticals Ltd,APLLTD,Pharmaceuticals
CCL Products (India) Ltd,CCL,Tea & Coffee
JSW Dulux Ltd,JSWDULUX,Paints
Shipping Corporation of India Ltd,SCI,Logistics
Graphite India Ltd,GRAPHITE,Electrical Components & Equipments
Fine Organic Industries Ltd,FINEORG,Specialty Chemicals
Shaily Engineering Plastics Ltd,SHAILY,Industrial Machinery
eClerx Services Ltd,ECLERX,Outsourced services
JSW Holdings Ltd,JSWHL,Asset Management
Devyani International Ltd,DEVYANI,Restaurants & Cafes
Welspun Living Ltd,WELSPUNLIV,Textiles
Tega Industries Ltd,TEGA,Industrial Machinery
PG Electroplast Ltd,PGEL,Electronic Equipments
Garware Hi-Tech Films Ltd,GRWRHITECH,Commodity Chemicals
Nippon India ETF Nifty Bank BeES,BANKBEES,Equity
Leela Palaces Hotels & Resorts Ltd,THELEELA,"Hotels, Resorts & Cruise Lines"
Jyoti CNC Automation Ltd,JYOTICNC,Industrial Machinery
Vinati Organics Ltd,VINATIORGA,Specialty Chemicals
Rainbow Children's Medicare Ltd,RAINBOW,Hospitals & Diagnostic Centres
LT Foods Ltd,LTFOODS,Packaged Foods
Aditya Birla Real Estate Ltd,ABREL,Textiles
Vijaya Diagnostic Centre Ltd,VIJAYA,Hospitals & Diagnostic Centres
Motilal Oswal NASDAQ 100 ETF,MON100,Equity
E I D-Parry (India) Ltd,EIDPARRY,Sugar
Ksb Ltd,KSB,Industrial Machinery
Poly Medicure Ltd,POLYMED,Health Care Equipment & Supplies
Azad Engineering Ltd,AZAD,Renewable Energy Equipment & Services
Happy Forgings Ltd,HAPPYFORGE,Heavy Machinery
KEC International Ltd,KEC,Construction & Engineering
V Guard Industries Ltd,VGUARD,Electrical Components & Equipments
Doms Industries Ltd,DOMS,Stationery
Honasa Consumer Ltd,HONASA,FMCG - Personal Products
Supreme Petrochem Ltd,SPLPETRO,Specialty Chemicals
INOX India Ltd,INOXINDIA,Industrial Machinery
Clean Max Enviro Energy Solutions Ltd,CLEANMAX,Renewable Energy
Tbo Tek Ltd,TBOTEK,Tour & Travel Services
Arvind Ltd,ARVIND,Apparel & Accessories
Aptus Value Housing Finance India Ltd,APTUS,Home Financing
CEAT Ltd,CEATLTD,Tires & Rubber
Jaiprakash Power Ventures Ltd,JPPOWER,Renewable Energy
Canara HSBC Life Insurance Company Ltd,CANHLIFE,Insurance
Five-Star Business Finance Ltd,FIVESTAR,Consumer Finance
Paradeep Phosphates Ltd,PARADEEP,Fertilizers & Agro Chemicals
Kirloskar Brothers Ltd,KIRLOSBROS,Industrial Machinery
Alivus Life Sciences Ltd,ALIVUS,Pharmaceuticals
Privi Speciality Chemicals Ltd,PRIVISCL,Specialty Chemicals
Ircon International Ltd,IRCON,Construction & Engineering
Engineers India Ltd,ENGINERSIN,Construction & Engineering
Jain Resource Recycling Ltd,JAINREC,Metals - Diversified
Astra Microwave Products Ltd,ASTRAMICRO,Communication & Networking
Indegene Ltd,INDGN,Business Support Services
Techno Electric & Engineering Company Ltd,TECHNOE,Construction & Engineering
Trident Ltd,TRIDENT,Textiles
JM Financial Ltd,JMFINANCIL,Investment Banking & Brokerage
Park Medi World Ltd,PARKHOSPS,Hospitals & Diagnostic Centres
Concord Biotech Ltd,CONCORDBIO,Pharmaceuticals
Jupiter Wagons Ltd,JWL,Rail
Aditya Birla Lifestyle Brands Ltd,ABLBL,Retail - Apparel
Afcons Infrastructure Ltd,AFCONS,Construction & Engineering
Nuvoco Vistas Corporation Ltd,NUVOCO,Cement
UTI Asset Management Company Ltd,UTIAMC,Asset Management
Lumax AutoTechnologies Ltd,LUMAXTECH,Auto Parts
India Cements Ltd,INDIACEM,Cement
Aequs Ltd,AEQUS,Aerospace & Defense Equipments
Indiamart Intermesh Ltd,INDIAMART,Online Services
Gravita India Ltd,GRAVITA,Metals - Lead
Zensar Technologies Ltd,ZENSARTECH,IT Services & Consulting
Ingersoll-Rand (India) Ltd,INGERRAND,Industrial Machinery
Tamilnad Mercantile Bank Ltd,TMB,Private Banks
Signatureglobal (India) Ltd,SIGNATURE,Real Estate
PCBL Chemical Ltd,PCBL,Commodity Chemicals
Elecon Engineering Company Ltd,ELECON,Heavy Electrical Equipments
Titagarh Rail Systems Ltd,TITAGARH,Rail
Metropolis Healthcare Ltd,METROPOLIS,Hospitals & Diagnostic Centres
Blue Dart Express Ltd,BLUEDART,Logistics
Godrej Agrovet Ltd,GODREJAGRO,Agro Products
Prudent Corporate Advisory Services Ltd,PRUDENT,Asset Management
JK Tyre & Industries Ltd,JKTYRE,Tires & Rubber
Home First Finance Company India Ltd,HOMEFIRST,Home Financing
Shadowfax Technologies Ltd,SHADOWFAX,Logistics
Indian Energy Exchange Ltd,IEX,Power Trading & Consultancy
SBI Nifty 50 ETF,SETFNIF50,Equity
Reliance Power Ltd,RPOWER,Power Generation
Sandur Manganese and Iron Ores Ltd,SANDUMA,Mining - Manganese
Kotak Nifty Bank ETF,BANKNIFTY1,Equity
Bls International Services Ltd,BLS,Outsourced services
Can Fin Homes Ltd,CANFINHOME,Home Financing
South Indian Bank Ltd,SOUTHBANK,Private Banks
Marksans Pharma Ltd,MARKSANS,Pharmaceuticals
Viyash Scientific Ltd,VIYASH,Pharmaceuticals
Finolex Industries Ltd,FINPIPE,Building Products - Pipes
Balrampur Chini Mills Ltd,BALRAMCHIN,Sugar
MedPlus Health Services Ltd,MEDPLUS,Online Services
Brainbees Solutions Ltd,FIRSTCRY,Retail - Apparel
Mahanagar Gas Ltd,MGL,Gas Distribution
Sanofi Consumer Healthcare India Ltd,SANOFICONR,Pharmaceuticals
SKF India (Industrial) Ltd,SKFINDUS,Industrial Machinery
Swan Defence and Heavy Industries Ltd,SWANDEF,Shipbuilding
HEG Ltd,HEG,Electrical Components & Equipments
Tilaknagar Industries Ltd,TI,Alcoholic Beverages
Lloyds Engineering Works Ltd,LLOYDSENGG,Industrial Machinery
Edelweiss Financial Services Ltd,EDELWEISS,Diversified Financials
Bombay Burmah Trading Corporation, Ltd,BBTC
Olectra Greentech Ltd,OLECTRA,Electrical Components & Equipments
IIFL Capital Services Ltd,IIFLCAPS,Diversified Financials
Whirlpool of India Ltd,WHIRLPOOL,Home Electronics & Appliances
Intellect Design Arena Ltd,INTELLECT,Software Services
Action Construction Equipment Ltd,ACE,Heavy Machinery
Corona Remedies Ltd,CORONA,Pharmaceuticals
Lloyds Enterprises Ltd,LLOYDSENT,Iron & Steel
Aavas Financiers Ltd,AAVAS,Home Financing
Ujjivan Small Finance Bank Ltd,UJJIVANSFB,Private Banks
Ramkrishna Forgings Ltd,RKFORGE,Rail
SEDEMAC Mechatronics Ltd,SEDEMAC,Auto Parts
Diamond Power Infrastructure Ltd,DIACABS,Electrical Components & Equipments
Cyient Ltd,CYIENT,Software Services
Waaree Renewable Technologies Ltd,WAAREERTL,Renewable Energy
SBFC Finance Ltd,SBFC,Specialized Finance
Nazara Technologies Ltd,NAZARA,Theme Parks & Gaming
Railtel Corporation of India Ltd,RAILTEL,Communication & Networking
Shilpa Medicare Ltd,SHILPAMED,Pharmaceuticals
Avalon Technologies Ltd,AVALON,Electronic Equipments
Kirloskar Pneumatic Company Ltd,KIRLPNU,Industrial Machinery
Jubilant Ingrevia Ltd,JUBLINGREA,Specialty Chemicals
Procter & Gamble Health Ltd,PGHL,Pharmaceuticals
Karnataka Bank Ltd,KTKBANK,Private Banks
Strides Pharma Science Ltd,STAR,Pharmaceuticals
Swan Corp Ltd,SWANCORP,Textiles
Fujiyama Power Systems Ltd,UTLSOLAR,Renewable Energy Equipment & Services
Vedant Fashions Ltd,MANYAVAR,Textiles
RITES Ltd,RITES,Business Support Services
MMTC Ltd,MMTC,Commodities Trading
PVR INOX Ltd,PVRINOX,Theatres
Va Tech Wabag Ltd,WABAG,Water Management
Jayaswal Neco Industries Ltd,JAYNECOIND,Iron & Steel
Birlasoft Ltd,BSOFT,IT Services & Consulting
Tejas Networks Ltd,TEJASNET,Telecom Equipments
Vesuvius India Ltd,VESUVIUS,Industrial Machinery
NCC Ltd,NCC,Construction & Engineering
Healthcare Global Enterprises Ltd,HCG,Hospitals & Diagnostic Centres
ESAB India Ltd,ESABINDIA,Industrial Machinery
Genus Power Infrastructures Ltd,GENUSPOWER,Electronic Equipments
Blackbuck Ltd,BLACKBUCK,Logistics
Transformers and Rectifiers (India) Ltd,TARIL,Heavy Electrical Equipments
Banco Products (India) Ltd,BANCOINDIA,Auto Parts
IDream Film Infrastructure Company Ltd,IDREAM,Animation
Voltamp Transformers Ltd,VOLTAMP,Heavy Electrical Equipments
Amagi Media Labs Ltd,AMAGI,Online Services
Rategain Travel Technologies Ltd,RATEGAIN,Software Services
Alkyl Amines Chemicals Ltd,ALKYLAMINE,Specialty Chemicals
Zee Entertainment Enterprises Ltd,ZEEL,TV Channels & Broadcasters
TSF Investments Ltd,TSFINV,Investment Banking & Brokerage
PC Jeweller Ltd,PCJEWELLER,"Precious Metals, Jewellery & Watches"
E2E Networks Ltd,E2E,Software Services
Manorama Industries Ltd,MANORAMA,Packaged Foods & Meats
Lemon Tree Hotels Ltd,LEMONTREE,"Hotels, Resorts & Cruise Lines"
Saregama India Ltd,SAREGAMA,Movies & TV Serials
Sudeep Pharma Ltd,SUDEEPPHRM,Pharmaceuticals
Varroc Engineering Ltd,VARROC,Auto Parts
V2 Retail Ltd,V2RETAIL,Retail - Apparel
KPI Green Energy Ltd,KPIGREEN,Renewable Energy
GMR Power and Urban Infra Ltd,GMRP&UI,Power Generation
Eureka Forbes Ltd,EUREKAFORB,Home Electronics & Appliances
ASK Automotive Ltd,ASKAUTOLTD,Auto Parts
Sky Gold and Diamonds Ltd,SKYGOLD,"Precious Metals, Jewellery & Watches"
G R Infraprojects Ltd,GRINFRA,Construction & Engineering
Jupiter Life Line Hospitals Ltd,JLHL,Hospitals & Diagnostic Centres
Bata India Ltd,BATAINDIA,Footwear
Cartrade Tech Ltd,CARTRADE,Online Services
Tips Music Ltd,TIPSMUSIC,Movies & TV Serials
WeWork India Management Ltd,WEWORK,Real Estate
Star Cement Ltd,STARCEMENT,Cement
Cello World Ltd,CELLO,FMCG - Household Products
Time Technoplast Ltd,TIMETECHNO,Plastic Products
Orkla India Ltd,ORKLAINDIA,Packaged Foods & Meats
BHARAT Bond ETF-April 2030-Growth,EBBETF0430,Debt
Powergrid Infrastructure Investment Trust,PGINVIT,Power Transmission & Distribution
Tata Teleservices (Maharashtra) Ltd,TTML,Telecom Services
India Shelter Finance Corporation Ltd,INDIASHLTR,Home Financing
Bharat Bond ETF - April 2023,EBBETF0423,Debt
Clean Science and Technology Ltd,CLEAN,Specialty Chemicals
Thyrocare Technologies Ltd,THYROCARE,Hospitals & Diagnostic Centres
BHARAT Bond ETF-April 2032,BBETF0432,Debt
Nesco Ltd,NESCO,Real Estate
Sharda Cropchem Ltd,SHARDACROP,Fertilizers & Agro Chemicals
Relaxo Footwears Ltd,RELAXO,Footwear
Maharashtra Seamless Ltd,MAHSEAMLES,Building Products - Pipes
Akums Drugs and Pharmaceuticals Ltd,AKUMS,Pharmaceuticals
Kama Holdings Ltd,KAMAHOLD,Conglomerates
Quality Power Electrical Equipments Ltd,QPOWER,Power Trading & Consultancy
Triveni Engineering and Industries Ltd,TRIVENI,Sugar
Safari Industries (India) Ltd,SAFARI,Apparel & Accessories
SKF India Ltd,SKFINDIA,Industrial Machinery
Equitas Small Finance Bank Ltd,EQUITASBNK,Private Banks
KRBL Ltd,KRBL,Packaged Foods & Meats
Embassy Developments Ltd,EMBDL,Real Estate
Indian Metals and Ferro Alloys Ltd,IMFA,Iron & Steel
Power Mech Projects Ltd,POWERMECH,Construction & Engineering
Blue Jet Healthcare Ltd,BLUEJET,Pharmaceuticals
Religare Enterprises Ltd,RELIGARE,Investment Banking & Brokerage
Yatharth Hospital & Trauma Care Services Ltd,YATHARTH,Hospitals & Diagnostic Centres
Precision Wires India Ltd,PRECWIRE,Electrical Components & Equipments
IRB InvIT Fund,IRBINVIT,Roads
Sonata Software Ltd,SONATSOFTW,IT Services & Consulting
Mishra Dhatu Nigam Ltd,MIDHANI,Metals - Diversified
Campus Activewear Ltd,CAMPUS,Apparel & Accessories
Gujarat Pipavav Port Ltd,GPPL,Ports
SBI Gold ETF,SETFGOLD,Gold
RedTape,REDTAPE,Retail - Apparel
Pearl Global Industries Ltd,PGIL,Apparel & Accessories
Shreeji Shipping Global Ltd,SHREEJISPG,Logistics
Bluestone Jewellery and Lifestyle Ltd,BLUESTONE,"Precious Metals, Jewellery & Watches"
Aditya Birla Fashion and Retail Ltd,ABFRL,Retail - Apparel
JK Lakshmi Cement Ltd,JKLAKSHMI,Cement
Bajaj Consumer Care Ltd,BAJAJCON,FMCG - Personal Products
Gujarat Narmada Valley Fertilizers & Chemicals Ltd,GNFC,Fertilizers & Agro Chemicals
Birla Corporation Ltd,BIRLACORPN,Cement
P N Gadgil Jewellers Ltd,PNGJL,"Precious Metals, Jewellery & Watches"
TTK Prestige Ltd,TTKPRESTIG,Home Electronics & Appliances
Supriya Lifescience Ltd,SUPRIYA,Pharmaceuticals
Jyothy Labs Ltd,JYOTHYLAB,FMCG - Household Products
Jeena Sikho Lifecare Ltd,JSLL,Pharmaceuticals
Sigma Advanced Systems Ltd,SIGMAADV,Aerospace & Defense Equipments
Newgen Software Technologies Ltd,NEWGEN,Software Services
ELANTAS Beck India Ltd,ELANTAS,Specialty Chemicals
Sanofi India Ltd,SANOFI,Pharmaceuticals
SG Mart Ltd,SGMART,Building Products - Others
Max Estates Ltd,MAXESTATES,Real Estate
Suven Life Sciences Ltd,SUVEN,Pharmaceuticals
Kingfa Science and Technology (India) Ltd,KINGFA,Commodity Chemicals
KRN Heat Exchanger and Refrigeration Ltd,KRN,Electrical Components & Equipments
Cera Sanitaryware Ltd,CERA,Building Products - Ceramics
Mahindra Lifespace Developers Ltd,MAHLIFE,Real Estate
Tanla Platforms Ltd,TANLA,Software Services
Vikram Solar Ltd,VIKRAMSOLR,Renewable Energy Equipment & Services
Axiscades Technologies Ltd,AXISCADES,Construction & Engineering
Gujarat Ambuja Exports Ltd,GAEL,Agro Products
RHI Magnesita India Ltd,RHIM,Cement
Welspun Enterprises Limited,WELENT,Construction & Engineering
Sudarshan Chemical Industries Ltd,SUDARSCHEM,Diversified Chemicals
Transport Corporation of India Ltd,TCI,Logistics
Borosil Renewables Ltd,BORORENEW,Housewares
Kirloskar Ferrous Industries Ltd,KIRLFER,Iron & Steel
Dynamatic Technologies Ltd,DYNAMATECH,Auto Parts
Rashtriya Chemicals and Fertilizers Ltd,RCF,Fertilizers & Agro Chemicals
Le Travenues Technology Ltd,IXIGO,Online Services
Elitecon International Ltd,ELITECON,FMCG - Tobacco
Kwality Wall's (India) Ltd,KWIL,FMCG - Foods
Inox Green Energy Services Ltd,INOXGREEN,Heavy Electrical Equipments
Ashapura Minechem Ltd,ASHAPURMIN,Metals - Diversified
Gokul Agro Resources Ltd,GOKULAGRO,Packaged Foods & Meats
Pricol Ltd,PRICOLLTD,Auto Parts
Maple Infrastructure Trust,MIT,Roads
Powerica Ltd,POWERICA,Power Generation
Paras Defence and Space Technologies Ltd,PARAS,Aerospace & Defense Equipments
Indo Count Industries Ltd,ICIL,Textiles
Dilip Buildcon Ltd,DBL,Construction & Engineering
Sri Lotus Developers and Realty Ltd,LOTUSDEV,Real Estate
Sunflag Iron and Steel Co Ltd,SUNFLAG,Iron & Steel
AJAX Engineering Ltd,AJAXENGG,Construction & Engineering
EPL Ltd,EPL,Packaging
Latent View Analytics Ltd,LATENTVIEW,IT Services & Consulting
HMT Ltd,HMT,Industrial Machinery
Bengal & Assam Company Ltd,BENGALASM,Diversified Financials
Rain Industries Ltd,RAIN,Commodity Chemicals
Raajmarg Infra Investment Trust,RIIT,Real Estate
Sun Pharma Advanced Research Co Ltd,SPARC,Pharmaceuticals
Nephrocare Health Services Ltd,NEPHROPLUS,Hospitals & Diagnostic Centres
Dodla Dairy Ltd,DODLA,FMCG - Foods
Archean Chemical Industries Ltd,ACI,Commodity Chemicals
Isgec Heavy Engineering Ltd,ISGEC,Heavy Machinery
Sheela Foam Ltd,SFL,Home Furnishing
Kalpataru Ltd,KALPATARU,Real Estate
India Glycols Ltd,INDIAGLYCO,Commodity Chemicals
Aditya Vision Ltd,AVL,Retail - Speciality
JK Paper Ltd,JKPAPER,Paper Products
Garware Technical Fibres Ltd,GARFIBRES,Textiles
Transrail Lighting Ltd,TRANSRAILL,Power Infrastructure
Hindustan Foods Ltd,HNDFDS,FMCG - Foods
Balaji Amines Ltd,BALAMINES,Specialty Chemicals
Gujarat State Fertilizers & Chemicals Ltd,GSFC,Fertilizers & Agro Chemicals
Westlife Foodworld Ltd,WESTLIFE,Restaurants & Cafes
Citius Transnet Investment Trust,CITIUSINVT,Roads
Skipper Ltd,SKIPPER,Power Infrastructure
SJS Enterprises Ltd,SJS,Auto Parts
Praj Industries Ltd,PRAJIND,Construction & Engineering
F D C Ltd,FDC,Pharmaceuticals
Jai Balaji Industries Ltd,JAIBALAJI,Iron & Steel
Arvind Fashions Ltd,ARVINDFASN,Textiles
Shakti Pumps (India) Ltd,SHAKTIPUMP,Industrial Machinery
Ethos Ltd,ETHOSLTD,"Precious Metals, Jewellery & Watches"
Suprajit Engineering Ltd,SUPRAJIT,Auto Parts
Kennametal India Ltd,KENNAMET,Industrial Machinery
Interise Trust,INTERISE,Roads
CSB Bank Ltd,CSBBANK,Private Banks
Omnitech Engineering Ltd,OMNI,Industrial Machinery
Galaxy Surfactants Ltd,GALAXYSURF,Specialty Chemicals
Valor Estate Ltd,DBREALTY,Real Estate
Shrem InvIT,SHREMINVIT,Roads
Hindustan Construction Company Ltd,HCC,Construction & Engineering
Alok Industries Ltd,ALOKINDS,Textiles
Prism Johnson Ltd,PRSMJOHNSN,Cement
Dhenu Buildcon Infra Ltd,DHENUBUILD,Commodities Trading
Ceigall India Ltd,CEIGALL,Construction & Engineering
Moil Ltd,MOIL,Mining - Manganese
Fiem Industries Ltd,FIEMIND,Auto Parts
Fedbank Financial Services Ltd,FEDFINA,Diversified Financials
Nippon India ETF Nifty 50 BeES,NIFTYBEES,Equity
Kovai Medical Center and Hospital Ltd,KOVAI,Hospitals & Diagnostic Centres
Greenlam Industries Ltd,GREENLAM,Building Products - Laminates
Ganesh Housing Ltd,GANESHHOU,Real Estate
SIS Ltd,SIS,Business Support Services
Piccadily Agro Industries Ltd,PICCADIL,Alcoholic Beverages
Ge Power India Ltd,GVPIL,Construction & Engineering
Aarti Pharmalabs Ltd,AARTIPHARM,Labs & Life Sciences Services
Kotak Gold Etf,GOLD1,Gold
Midwest Gold Ltd,MIDWEST,Mining - Diversified
Happiest Minds Technologies Ltd,HAPPSTMNDS,IT Services & Consulting
Saatvik Green Energy Ltd,SAATVIKGL,Renewable Energy Equipment & Services
Senco Gold Ltd,SENCO,"Precious Metals, Jewellery & Watches"
MAS Financial Services Ltd,MASFIN,Diversified Financials
Sapphire Foods India Ltd,SAPPHIRE,Restaurants & Cafes
Technocraft Industries (India) Ltd,TIIL,Industrial Machinery
PTC India Ltd,PTC,Power Trading & Consultancy
DCB Bank Ltd,DCBBANK,Private Banks
Aeroflex Industries Ltd,AEROFLEX,Iron & Steel
Indus Infra Trust,INDUSINVIT,Power Infrastructure
HDFC Gold ETF,HDFCGOLD,Gold
KSH International Ltd,KSHINTL,Electrical Components & Equipments
ICICI Prudential Gold ETF,GOLDIETF,Gold
V-mart Retail Ltd,VMART,Retail - Department Stores
Tata Silver Exchange Traded Fund,TATSILV,Silver
Surya Roshni Ltd,SURYAROSNI,Iron & Steel
PNC Infratech Ltd,PNCINFRA,Construction & Engineering
SML Mahindra Ltd,SMLMAH,Trucks & Buses
Mastek Ltd,MASTEK,IT Services & Consulting
IFB Industries Ltd,IFBIND,Auto Parts
Ahluwalia Contracts (India) Ltd,AHLUCONT,Construction & Engineering
Centum Electronics Ltd,CENTUM,Electronic Equipments
Mrs. Bectors Food Specialities Ltd,BECTORFOOD,FMCG - Foods
NDR InvIT Trust,NDRINVIT,Logistics
Balu Forge Industries Ltd,BALUFORGE,Construction & Engineering
Indiabulls Ltd,IBULLSLTD,Retail - Online
RattanIndia Power Ltd,RTNPOWER,Power Generation
Neogen Chemicals Ltd,NEOGEN,Specialty Chemicals
Gokaldas Exports Ltd,GOKEX,Apparel & Accessories
Ion Exchange (India) Ltd,IONEXCHANG,Environmental Services
Energy Infrastructure Trust,ENERGYINF,Oil & Gas - Storage & Transportation
Jana Small Finance Bank Ltd,JSFB,Private Banks
Puravankara Ltd,PURVA,Real Estate
Lumax Industries Ltd,LUMAXIND,Auto Parts
Smartworks Coworking Spaces Ltd,SMARTWORKS,Real Estate
Unimech Aerospace and Manufacturing Ltd,UNIMECH,Aerospace & Defense Equipments
Responsive Industries Ltd,RESPONIND,Building Products - Granite
CMS Info Systems Ltd,CMSINFO,Software Services
GNG Electronics Ltd,EBGNG,Electronic Equipments
TVS Supply Chain Solutions Ltd,TVSSCS,Logistics
Entero Healthcare Solutions Ltd,ENTERO,Pharmaceuticals
Stylam Industries Ltd,STYLAMIND,Construction & Engineering
Canara Robeco Asset Management Company Ltd,CRAMC,Asset Management
Keystone Realtors Ltd,RUSTOMJEE,Real Estate
ICRA Ltd,ICRA,Stock Exchanges & Ratings
Dhanuka Agritech Ltd,DHANUKA,Fertilizers & Agro Chemicals
Innova Captab Ltd,INNOVACAP,Pharmaceuticals
Datamatics Global Services Ltd,DATAMATICS,IT Services & Consulting
Fineotex Chemical Ltd,FCL,Specialty Chemicals
CARE Ratings Ltd,CARERATING,Stock Exchanges & Ratings
Epigral Ltd,EPIGRAL,Commodity Chemicals
Rattanindia Enterprises Ltd,RTNINDIA,Power Trading & Consultancy
Gujarat Alkalies And Chemicals Ltd,GUJALKALI,Commodity Chemicals
Bansal Wire Industries Ltd,BANSALWIRE,Iron & Steel
Sharda Motor Industries Ltd,SHARDAMOTR,Auto Parts
Pilani Investment And Industries Corporation Ltd,PILANIINVS,Asset Management
Avenuesai Ltd,CCAVENUE,Payment Infrastructure
Jamna Auto Industries Ltd,JAMNAAUTO,Auto Parts
Goldiam International Ltd,GOLDIAM,"Precious Metals, Jewellery & Watches"
Paisalo Digital Ltd,PAISALO,Consumer Finance
LG Balakrishnan & Bros Ltd,LGBBROSLTD,Industrial Machinery
Man Infraconstruction Ltd,MANINFRA,Construction & Engineering
AGI Infra Ltd,AGIIL,Real Estate
Madhya Bharat Agro Products Ltd,MBAPL,Fertilizers & Agro Chemicals
Senores Pharmaceuticals Ltd,SENORES,Pharmaceuticals
Symphony Ltd,SYMPHONY,Home Electronics & Appliances
Shree Renuka Sugars Ltd,RENUKA,Sugar
Avantel Ltd,AVANTEL,Communication & Networking
Subros Ltd,SUBROS,Auto Parts
Electrosteel Castings Ltd,ELECTCAST,Building Products - Pipes
Knowledge Marine & Engineering Works Ltd,KMEW,Dredging
Network18 Media & Investments Ltd,NETWORK18,Movies & TV Serials
Indigo Paints Ltd,INDIGOPNTS,Paints
Shilchar Technologies Ltd,SHILCTECH,Electronic Equipments
India Tourism Development Corp Ltd,ITDC,Tour & Travel Services
Northern ARC Capital Ltd,NORTHARC,Diversified Financials
Nirlon Ltd,NIRLON,Real Estate
OnEMI Technology Solutions Ltd,KISSHT,Consumer Finance
Raghav Productivity Enhancers Ltd,RPEL,Specialty Chemicals
Rallis India Ltd,RALLIS,Fertilizers & Agro Chemicals
Websol Energy System Ltd,WEBELSOLAR,Renewable Energy Equipment & Services
Swaraj Engines Ltd,SWARAJENG,Tractors
ASM Technologies Ltd,ASMTEC,IT Services & Consulting
Bliss GVS Pharma Ltd,BLISSGVS,Pharmaceuticals
Raymond Lifestyle Ltd,RAYMONDLSL,Apparel & Accessories
Gulf Oil Lubricants India Ltd,GULFOILLUB,Commodity Chemicals
Aurionpro Solutions Ltd,AURIONPRO,IT Services & Consulting
Roadstar Infra Investment Trust,ROADSTAR,Roads
Midwest Ltd,MIDWESTLTD,Building Products - Granite
DEE Development Engineers Ltd,DEEDEV,Iron & Steel
CE Info Systems Ltd,MAPMYINDIA,Software Services
V I P Industries Ltd,VIPIND,Apparel & Accessories
Bannari Amman Sugars Ltd,BANARISUG,Sugar
Just Dial Ltd,JUSTDIAL,Online Services
Sterling and Wilson Renewable Energy Ltd,SWSOLAR,Renewable Energy Equipment & Services
Bajaj Hindusthan Sugar Ltd,BAJAJHIND,Sugar
Anzen India Energy Yield Plus Trust,ANZEN,Power Transmission & Distribution
Seshaasai Technologies Ltd,STYL,Payment Infrastructure
Advanced Enzyme Technologies Ltd,ADVENZYMES,Specialty Chemicals
Goodluck India Ltd,GOODLUCK,Iron & Steel
Cian Agro Industries & Infrastructure Ltd,CIANAGRO,Agro Products
Kaveri Seed Company Ltd,KSCL,Seeds
Electronics Mart India Ltd,EMIL,Home Electronics & Appliances
Refex Industries Ltd,REFEX,Commodity Chemicals
Gujarat Themis Biosyn Ltd,GUJTHEM,Pharmaceuticals
TruAlt Bioenergy Ltd,TRUALT,FMCG - Foods
WPIL Ltd,WPIL,Industrial Machinery
VST Industries Ltd,VSTIND,FMCG - Tobacco
Mahindra Holidays and Resorts India Ltd,MHRIL,"Hotels, Resorts & Cruise Lines"
Lux Industries Ltd,LUXIND,Apparel & Accessories
Juniper Hotels Ltd,JUNIPER,"Hotels, Resorts & Cruise Lines"
Universal Cables Ltd,UNIVCABLES,Cables
Artemis Medicare Services Ltd,ARTEMISMED,Business Support Services
Thomas Cook (India) Ltd,THOMASCOOK,Tour & Travel Services
PDS Ltd,PDSL,Textiles
Krishana Phoschem Ltd,KRISHANA,Fertilizers & Agro Chemicals
Texmaco Rail & Engineering Ltd,TEXRAIL,Rail
Moschip Technologies Ltd,MOSCHIP,Plastic Products
Shivalik Bimetal Controls Ltd,SBCL,Iron & Steel
Sunteck Realty Ltd,SUNTECK,Real Estate
VRL Logistics Ltd,VRLLOG,Logistics
Vishnu Chemicals Ltd,VISHNU,Diversified Chemicals
Greaves Cotton Ltd,GREAVESCOT,Industrial Machinery
GHCL Ltd,GHCL,Commodity Chemicals
Sandhar Technologies Ltd,SANDHAR,Auto Parts
Orchid Pharma Ltd,ORCHPHARMA,Pharmaceuticals
Seamec Ltd,SEAMECLTD,Oil & Gas - Equipment & Services
Laxmi Organic Industries Ltd,LXCHEM,Specialty Chemicals
Pace Digitek Ltd,PACEDIGITK,Power Transmission & Distribution
Oswal Pumps Ltd,OSWALPUMPS,Industrial Machinery
Tanfac Industries Ltd,TANFACIND,Diversified Chemicals
Pondy Oxides and Chemicals Ltd,POCL,Metals - Lead
Rossell Techsys Ltd,ROSSTECH,Aerospace & Defense Equipments
Capillary Technologies India Ltd,CAPILLARY,Software Services
Shoppers Stop Ltd,SHOPERSTOP,Retail - Department Stores
Wakefit Innovations Ltd,WAKEFIT,Home Furnishing
Hawkins Cookers Ltd,HAWKINCOOK,Housewares
Sindhu Trade Links Ltd,SINDHUTRAD,Conglomerates
Aye Finance Ltd,AYE,Consumer Finance
Restaurant Brands Asia Ltd,RBA,Restaurants & Cafes
Hemisphere Properties India Ltd,HEMIPROP,Real Estate
VST Tillers Tractors Ltd,VSTTILLERS,Tractors
Styrenix Performance Materials Ltd,STYRENIX,Commodity Chemicals
Zota Health Care Ltd,ZOTA,Pharmaceuticals
AGI Greenpac Ltd,AGI,Packaging
Vaibhav Global Ltd,VAIBHAVGBL,Apparel & Accessories
Orient Electric Ltd,ORIENTELEC,Home Electronics & Appliances
Vadilal Industries Ltd,VADILALIND,FMCG - Foods
Tarc Ltd,TARC,Real Estate
Raymond Realty Ltd,RAYMONDREL,Real Estate
IOL Chemicals and Pharmaceuticals Ltd,IOLCP,Commodity Chemicals
Sustainable Energy Infra Trust,SEITINVIT,Power Infrastructure
eMudhra Ltd,EMUDHRA,IT Services & Consulting
Rolex Rings Ltd,ROLEXRINGS,Industrial Machinery
Hind Rectifiers Ltd,HIRECT,Electrical Components & Equipments
Intelligent Supply Chain Infrastructure Trust,ISCITRUST,Logistics
Bosch Home Comfort India Ltd,BOSCH-HCIL,Home Electronics & Appliances
J Kumar Infraprojects Ltd,JKIL,Construction & Engineering
Foseco India Ltd,FOSECOIND,Specialty Chemicals
Crizac Ltd,CRIZAC,Education Services
Samhi Hotels Ltd,SAMHI,"Hotels, Resorts & Cruise Lines"
Man Industries (India) Ltd,MANINDS,Building Products - Pipes
SG Finserve Ltd,SGFIN,Specialized Finance
HG Infra Engineering Ltd,HGINFRA,Construction & Engineering
Anup Engineering Ltd,ANUP,Textiles
Kalyani Steels Ltd,KSL,Iron & Steel
Kesar India Ltd,KESAR,Real Estate Development
Optiemus Infracom Ltd,OPTIEMUS,Technology Hardware
KNR Constructions Ltd,KNRCON,Construction & Engineering
Wheels India Ltd,WHEELS,Auto Parts
Ram Ratna Wires Ltd,RAMRAT,Electrical Components & Equipments
National Fertilizers Ltd,NFL,Fertilizers & Agro Chemicals
NACL Industries Ltd,NACLIND,Fertilizers & Agro Chemicals
Cyient DLM Ltd,CYIENTDLM,Industrial Machinery
Gopal Snacks Ltd,GOPAL,FMCG - Foods
IndoStar Capital Finance Ltd,INDOSTAR,Consumer Finance
DB Corp Ltd,DBCORP,Publishing
Rashi Peripherals Ltd,RPTECH,Technology Hardware
Ashiana Housing Ltd,ASHIANA,Real Estate
RPG Life Sciences Ltd,RPGLIFE,Pharmaceuticals
Novartis India Ltd,NOVARTIND,Pharmaceuticals
Bajaj Electricals Ltd,BAJAJELEC,Home Electronics & Appliances
ideaForge Technology Ltd,IDEAFORGE,Aerospace & Defense Equipments
Harsha Engineers International Ltd,HARSHA,Industrial Machinery
Bondada Engineering Ltd,BONDADA,Construction & Engineering
Marine Electricals (India) Ltd,MARINE,Electrical Components & Equipments
Sasken Technologies Ltd,SASKEN,Software Services
Pitti Engineering Ltd,PITTIENG,Industrial Machinery
Raymond Ltd,RAYMOND,Apparel & Accessories
BHARAT Bond ETF - April 2033,EBBETF0433,Equity
Heidelbergcement India Ltd,HEIDELBERG,Cement
V-Marc India Ltd,VMARCIND,Electrical Components & Equipments
Premier Explosives Ltd,PREMEXPLN,Commodity Chemicals
Gufic Biosciences Ltd,GUFICBIO,Pharmaceuticals
Tourism Finance Corporation of India Ltd,TFCILTD,Specialized Finance
Ellenbarrie Industrial Gases Ltd,ELLEN,Commodity Chemicals
GMM Pfaudler Ltd,GMMPFAUDLR,Industrial Machinery
Capital Infra Trust,CAPINVIT,Construction & Engineering
Ashoka Buildcon Ltd,ASHOKA,Construction & Engineering
KDDL Ltd,KDDL,"Precious Metals, Jewellery & Watches"
JTEKT India Ltd,JTEKTINDIA,Auto Parts
Aarti Drugs Ltd,AARTIDRUGS,Pharmaceuticals
Mahindra Logistics Ltd,MAHLOG,Logistics
NRB Bearings Ltd,NRBBEARING,Industrial Machinery
Cupid Ltd,CUPID,FMCG - Personal Products
Oriana Power Ltd,ORIANA,Construction & Engineering
Indraprastha Medical Corporation Ltd,INDRAMEDCO,Hospitals & Diagnostic Centres
Sanathan Textiles Ltd,SANATHAN,Textiles
West Coast Paper Mills Ltd,WSTCSTPAPR,Paper Products
Dredging Corporation of India Ltd,DREDGECORP,Dredging
SMS Pharmaceuticals Ltd,SMSPHARMA,Pharmaceuticals
Chemplast Sanmar Ltd,CHEMPLASTS,Building Products - Pipes
TechNVision Ventures Ltd,TECHNVISN,Software Services
Anand Rathi Share and Stock Brokers Ltd,ARSSBL,Investment Banking & Brokerage
Shanthi Gears Ltd,SHANTIGEAR,Auto Parts
Route Mobile Ltd,ROUTE,IT Services & Consulting
KS Smart Technologies Ltd,KSSMART,Conglomerates
PSP Projects Ltd,PSPPROJECT,Construction & Engineering
Indiqube Spaces Ltd,INDIQUBE,Real Estate
Deep Industries Ltd,DEEPINDS,Oil & Gas - Equipment & Services
Deccan Gold Mines Ltd,DECNGOLD,Mining - Diversified
Kirloskar Industries Ltd,KIRLOSIND,Investment Banking & Brokerage
Steel Strips Wheels Ltd,SSWL,Auto Parts
Enviro Infra Engineers Ltd,EIEL,Water Management
Kolte-Patil Developers Ltd,KOLTEPATIL,Real Estate
Mayur Uniquoters Ltd,MAYURUNIQ,Textiles
R Systems International Ltd,RSYSTEMS,IT Services & Consulting
GRM Overseas Ltd,GRMOVER,Packaged Foods & Meats
Uflex Ltd,UFLEX,Packaging
Kitex Garments Ltd,KITEX,Apparel & Accessories
Greenply Industries Ltd,GREENPLY,Wood Products
Nippon India ETF Nifty Next 50 Junior BeES,JUNIORBEES,Equity
Quess Corp Ltd,QUESS,Employment Services
MSTC Ltd,MSTCLTD,Commodities Trading
Carysil Ltd,CARYSIL,Home Furnishing
Timex Group India Ltd,TIMEX,"Precious Metals, Jewellery & Watches"
Rajesh Exports Ltd,RAJESHEXPO,"Precious Metals, Jewellery & Watches"
MPS Ltd,MPSLTD,Publishing
Dishman Carbogen Amcis Ltd,DCAL,Labs & Life Sciences Services
Navneet Education Ltd,NAVNETEDUL,Publishing
Bhagiradha Chemicals and Industries Ltd,BHAGCHEM,Fertilizers & Agro Chemicals
Bharat Bijlee Ltd,BBL,Heavy Electrical Equipments
Balmer Lawrie and Company Ltd,BALMLAWRIE,Conglomerates
Sanghvi Movers Ltd,SANGHVIMOV,Business Support Services
Sambhv Steel Tubes Ltd,SAMBHV,Building Products - Pipes
Maithan Alloys Ltd,MAITHANALL,Iron & Steel
Shanti Educational Initiatives Ltd,SEIL,Education Services
Parag Milk Foods Ltd,PARAGMILK,FMCG - Foods
Ramky Infrastructure Ltd,RAMKY,Construction & Engineering
RPSG Ventures Ltd,RPSGVENT,Packaged Foods & Meats
Flair Writing Industries Ltd,FLAIR,Stationery
Kernex Microsystems (India) Ltd,KERNEX,Software Services
TVS Srichakra Ltd,TVSSRICHAK,Tires & Rubber
Share India Securities Ltd,SHAREINDIA,Investment Banking & Brokerage
Niit Learning Systems Ltd,NIITMTS,Education Services
Prince Pipes and Fittings Ltd,PRINCEPIPE,Building Products - Pipes
Muthoot Microfin Ltd,MUTHOOTMF,Specialized Finance
Rossari Biotech Ltd,ROSSARI,Specialty Chemicals
Wonderla Holidays Ltd,WONDERLA,Theme Parks & Gaming
Antelopus Selan Energy Ltd,ANTELOPUS,Oil & Gas - Exploration & Production
Savita Oil Technologies Ltd,SOTL,Commodity Chemicals
ADF Foods Ltd,ADFFOODS,Packaged Foods & Meats
Heritage Foods Ltd,HERITGFOOD,FMCG - Foods
Jindal Worldwide Ltd,JINDWORLD,Textiles
Indo Thai Securities Ltd,INDOTHAI,Investment Banking & Brokerage
Hubtown Ltd,HUBTOWN,Real Estate
Venus Pipes and Tubes Ltd,VENUSPIPES,Iron & Steel
Polyplex Corp Ltd,POLYPLEX,Commodity Chemicals
Carraro India Ltd,CARRARO,Agricultural & Farm Machinery
Marathon Nextgen Realty Ltd,MARATHON,Real Estate
Interarch Building Solutions Ltd,INTERARCH,Building Products - Prefab Structures
ICICI Prudential Nifty 50 ETF,NIFTYIETF,Equity
Concord Control Systems Ltd,CNCRD,Electrical Components & Equipments
Indo Tech Transformers Ltd,INDOTECH,Heavy Electrical Equipments
Reliance Infrastructure Ltd,RELINFRA,Power Infrastructure
Nalwa Sons Investments Ltd,NSIL,Asset Management
63 Moons Technologies Ltd,63MOONS,IT Services & Consulting
Jindal Poly Films Ltd,JINDALPOLY,Packaging
Sundaram Clayton Ltd,SUNCLAY,Auto Parts
Nitin Spinners Ltd,NITINSPIN,Textiles
Nippon India ETF Nifty Midcap 150,MID150BEES,Equity
Elpro International Ltd,ELPROINTL,Electrical Components & Equipments
Tatva Chintan Pharma Chem Ltd,TATVA,Specialty Chemicals
Fusion Finance Ltd,FUSION,Consumer Finance
Orient Cement Ltd,ORIENTCEM,Cement
NXT-Infra Trust,NXT-INFRA,Roads
Standard Engineering Technology Ltd,SETL,Specialty Chemicals
Insolation Energy Ltd,INA,Renewable Energy
Shankara Buildpro Ltd,BUILDPRO,Building Products - Others
Gateway Distriparks Ltd,GATEWAY,Logistics
Network People Services Technologies Ltd,NPST,Software Services
Mrugesh Trading Ltd,MRUTR,Diversified Financials
Welspun Specialty Solutions Ltd,WELSPLSOL,Iron & Steel
Steelcast Ltd,STEELCAS,Iron & Steel
Medi Assist Healthcare Services Ltd,MEDIASSIST,Insurance
Dalmia Bharat Sugar and Industries Ltd,DALMIASUG,Sugar
Nocil Ltd,NOCIL,Commodity Chemicals
Arvind Smartspaces Ltd,ARVSMART,Real Estate
Nippon IN ETF Nifty 8-13 yr G-Sec Long Term Gilt,LTGILTBEES,Debt
Xpro India Ltd,XPROINDIA,Plastic Products
Uniparts India Ltd,UNIPARTS,Industrial Machinery
Aimtron Electronics Ltd,AIMTRON,Electronic Equipments
Monarch Networth Capital Ltd,MONARCH,Investment Banking & Brokerage
Gujarat Industries Power Company Ltd,GIPCL,Power Generation
Zaggle Prepaid Ocean Services Ltd,ZAGGLE,Software Services
Jubilant Agri and Consumer Products Ltd,JUBLCPL,Agro Products
Jash Engineering Ltd,JASH,Construction & Engineering
Kewal Kiran Clothing Ltd,KKCL,Apparel & Accessories
Kilburn Engineering Ltd,KLBRENG-B,Industrial Machinery
Euro Pratik Sales Ltd,EUROPRATIK,Building Products - Laminates
Siyaram Silk Mills Ltd,SIYSIL,Textiles
Automotive Axles Ltd,AUTOAXLES,Auto Parts
EFC (I) Ltd,EFCIL,Real Estate
AFCOM Holdings Ltd,AFCOM,Airlines
Panacea Biotec Ltd,PANACEABIO,Biotechnology
Prakash Industries Ltd,PRAKASH,Iron & Steel
Borosil Ltd,BOROLTD,Housewares
JTL Industries Ltd,JTLIND,Iron & Steel
Vardhman Special Steels Ltd,VSSL,Iron & Steel
Alpex Solar Ltd,ALPEXSOLAR,Renewable Energy Equipment & Services
Solara Active Pharma Sciences Ltd,SOLARA,Pharmaceuticals
Patel Engineering Ltd,PATELENG,Construction & Engineering
Sangam (India) Ltd,SANGAMIND,Textiles
Prataap Snacks Ltd,DIAMONDYD,Packaged Foods & Meats
Bombay Dyeing and Mfg Co Ltd,BOMDYEING,Textiles
Nippon India ETF Nifty 1D Rate Liquid BeES,LIQUIDBEES,Debt
Pokarna Ltd,POKARNA,Cement
Yasho Industries Ltd,YASHO,Specialty Chemicals
Unichem Laboratories Ltd,UNICHEMLAB,Pharmaceuticals
Windsor Machines Ltd,WINDMACHIN,Industrial Machinery
Ddev Plastiks Industries Ltd,DDEVPLSTIK,Plastic Products
Apcotex Industries Ltd,APCOTEXIND,Specialty Chemicals
Kiri Industries Ltd,KIRIINDUS,Specialty Chemicals
John Cockerill India Ltd,COCKERILL,Industrial Machinery
Satin Creditcare Network Ltd,SATIN,Consumer Finance
Rane (Madras) Ltd,RML,Auto Parts
Imagicaaworld Entertainment Ltd,IMAGICAA,Theme Parks & Gaming
Ramco Industries Ltd,RAMCOIND,Cement
GK Energy Ltd,GKENERGY,Renewable Energy Equipment & Services
Easy Trip Planners Ltd,EASEMYTRIP,Tour & Travel Services
HLE Glascoat Ltd,HLEGLAS,Industrial Machinery
Vindhya Telelinks Ltd,VINDHYATEL,Telecom Equipments
Morepen Laboratories Ltd,MOREPENLAB,Pharmaceuticals
Globus Spirits Ltd,GLOBUSSPR,Alcoholic Beverages
M V K Agro Food Product Ltd,MVKAGRO,Agro Products
Baazar Style Retail Ltd,STYLEBAAZA,Retail - Speciality
Apeejay Surrendra Park Hotels Ltd,PARKHOTELS,"Hotels, Resorts & Cruise Lines"
National Standard (India) Ltd,NATIONSTD,Real Estate
Dr Agarwal's Eye Hospital Ltd,DRAGARWQ,Hospitals & Diagnostic Centres
Ganesha Ecosphere Ltd,GANECOS,Textiles
Sundrop Brands Ltd,SUNDROP,Packaged Foods & Meats
BGR Energy Systems Ltd,BGRENERGY,Construction & Engineering
Orissa Minerals Development Company Ltd,ORISSAMINE,Mining - Diversified
Protean eGov Technologies Ltd,PROTEAN,IT Services & Consulting
Marsons Ltd,MARSONS,Electrical Components & Equipments
City Pulse Multiventures Ltd,CPML,Movies & TV Serials
Rhetan TMT Ltd,RHETAN,Metals - Diversified
Mufin Green Finance Ltd,MUFIN,Specialized Finance
Bharat Rasayan Ltd,BHARATRAS,Fertilizers & Agro Chemicals
K.P. Energy Ltd,KPEL,Renewable Energy
Divgi TorqTransfer Systems Ltd,DIVGIITTS,Industrial Machinery
Veedol Corporation Ltd,VEEDOL,Commodity Chemicals
Kwality Pharmaceuticals Ltd,KPL,Pharmaceuticals
Sirca Paints India Ltd,SIRCA,Paints
Bhansali Engineering Polymers Ltd,BEPL,Commodity Chemicals
Hikal Ltd,HIKAL,Pharmaceuticals
Elcid Investments Ltd,ELCIDIN,Equity
Nitco Ltd,NITCO,Building Products - Ceramics
Sagar Cements Ltd,SAGCEM,Cement
Mold-Tek Packaging Ltd,MOLDTKPAC,Plastic Products
TCPL Packaging Ltd,TCPLPACK,Packaging
Federal-Mogul Goetze (India) Ltd,FMGOETZE,Auto Parts
Repco Home Finance Ltd,REPCOHOME,Consumer Finance
Belding India Ltd,BELDING,Packaging
Brigade Hotel Ventures Ltd,BRIGHOTEL,"Hotels, Resorts & Cruise Lines"
Greenpanel Industries Ltd,GREENPANEL,Wood Products
Utkarsh Small Finance Bank Ltd,UTKARSHBNK,Diversified Financials
MSP Steel & Power Ltd,MSPL,Iron & Steel
Vidya Wires Ltd,VIDYAWIRES,Cables
Honda India Power Products Ltd,HONDAPOWER,Industrial Machinery
Confidence Petroleum India Ltd,CONFIPET,Oil & Gas - Storage & Transportation
TeamLease Services Ltd,TEAMLEASE,Employment Services
Spectrum Electrical Industries Ltd,SPECTRUM,Electrical Components & Equipments
Mangalam Cement Ltd,MANGLMCEM,Cement
Eveready Industries India Ltd,EVEREADY,Batteries
TVS Infrastructure Trust,TVSINVIT,Logistics
Ravindra Energy Ltd,RELTD,Electrical Components & Equipments
BN Agrochem Ltd,BNAGROCHEM,Agro Products
Servotech Renewable Power System Ltd,SERVOTECH,Electrical Components & Equipments
Anantam Highways Trust,ANANTAM,Roads
Camlin Fine Sciences Ltd,CAMLINFINE,Specialty Chemicals
Ajmera Realty & Infra India Ltd,AJMERA,Real Estate
Hindustan Oil Exploration Company Ltd,HINDOILEXP,Oil & Gas - Exploration & Production
Awfis Space Solutions Ltd,AWFIS,Business Support Services
BF Utilities Ltd,BFUTILITIE,Renewable Energy
Veranda Learning Solutions Ltd,VERANDA,Education Services
Fischer Medical Ventures Ltd,FISCHER,Health Care Equipment & Supplies
Jaykay Enterprises Ltd,JAYKAY,Investment Banking & Brokerage
Thirumalai Chemicals Ltd,TIRUMALCHM,Commodity Chemicals
Bajel Projects Ltd,BAJEL,Construction & Engineering
Alembic Ltd,ALEMBICLTD,Pharmaceuticals
Exicom Tele-Systems Ltd,EXICOM,Electronic Equipments
Silver Touch Technologies Ltd,SILVERTUC,IT Services & Consulting
Sai Parenteral's Ltd,SAIPARENT,Pharmaceuticals
HPL Electric & Power Ltd,HPL,Electrical Components & Equipments
Prabha Energy Ltd,PRABHA,Mining - Diversified
DCX Systems Ltd,DCXINDIA,Cables
PIX Transmissions Ltd,PIXTRANS,Industrial Machinery
Kalyani Investment Company Ltd,KICL,Asset Management
Pennar Industries Ltd,PENIND,Iron & Steel
Jain Irrigation Systems Ltd,JISLJALEQS,Agricultural & Farm Machinery
Jain Irrigation Systems Ltd,JISLDVREQS,Agricultural & Farm Machinery
Vintage Coffee and Beverages Ltd,VINCOFE,Tea & Coffee
MM Forgings Ltd,MMFL,Iron & Steel
TAJ GVK Hotels and Resorts Ltd,TAJGVK,"Hotels, Resorts & Cruise Lines"
Nibe Ltd,NIBE,Aerospace & Defense Equipments
Arkade Developers Ltd,ARKADE,Real Estate
Somany Ceramics Ltd,SOMANYCERA,Building Products - Ceramics
Insecticides (India) Ltd,INSECTICID,Fertilizers & Agro Chemicals
Brightcom Group Ltd,BCG,Advertising
D P Abhushan Ltd,DPABHUSHAN,"Precious Metals, Jewellery & Watches"
Talbros Automotive Components Ltd,TALBROAUTO,Auto Parts
Sanstar Ltd,SANSTAR,Agro Products
Rajratan Global Wire Ltd,RAJRATAN,Iron & Steel
Epack Durable Ltd,EPACK,Home Electronics & Appliances
KCP Ltd,KCP,Cement
Apollo Pipes Ltd,APOLLOPIPE,Building Products - Pipes
Mobavenue Ai Tech Ltd,MOBAVENUE,Advertising
Vimta Labs Ltd,VIMTALABS,Labs & Life Sciences Services
G M Breweries Ltd,GMBREW,Alcoholic Beverages
Rane Holdings Ltd,RANEHOLDIN,Auto Parts
Yash Highvoltage Ltd,YASHHV,Electrical Components & Equipments
Sportking India Ltd,SPORTKING,Textiles
Shipping Corporation of India Land and Assets Ltd,SCILAL,Real Estate
Stallion India Fluorochemicals Ltd,STALLION,Specialty Chemicals
Stove Kraft Ltd,STOVEKRAFT,Home Electronics & Appliances
Filatex India Ltd,FILATEX,Textiles
Venky's (India) Ltd,VENKEYS,Packaged Foods & Meats
Mukand Ltd,MUKANDLTD,Iron & Steel
BLS E-Services Ltd,BLSE,IT Services & Consulting
Spandana Sphoorty Financial Ltd,SPANDANA,Consumer Finance
S.P.Apparels Ltd,SPAL,Apparel & Accessories
India Nippon Electricals Ltd,INDNIPPON,Auto Parts
JNK India Ltd,JNKINDIA,Construction & Engineering
Jai Corp Ltd,JAICORPLTD,Textiles
Shringar House of Mangalsutra Ltd,SHRINGARMS,"Precious Metals, Jewellery & Watches"
Geojit Financial Services Ltd,GEOJITFSL,Investment Banking & Brokerage
Paramount Communications Ltd,PARACABLES,Cables
Kotak Nifty 50 ETF,NIFTY1,Equity
Rishabh Instruments Ltd,RISHABH,Electrical Components & Equipments
Ceinsys Tech Ltd,CEINSYS,Software Services
Gocl Corporation Ltd,GOCLCORP,Commodity Chemicals
Anondita Medicare Ltd,ANONDITA,FMCG - Personal Products
GSP Crop Science Ltd,GSPCROP,Fertilizers & Agro Chemicals
PTC India Financial Services Ltd,PFS,Specialized Finance
AMIC Forging Ltd,AMIC,Industrial Machinery
KP Green Engineering Ltd,KPGEL,Construction & Engineering
Aurum Proptech Ltd,AURUM,IT Services & Consulting
Tasty Bite Eatables Ltd,TASTYBITE,Packaged Foods & Meats
KMC Speciality Hospitals (India) Ltd,KMCSHIL,Hospitals & Diagnostic Centres
Nucleus Software Exports Ltd,NUCLEUS,Software Services
Nilkamal Ltd,NILKAMAL,Plastic Products
La Opala RG Ltd,LAOPALA,Housewares
Ador Welding Ltd,ADOR,Industrial Machinery
Modern Insulators Ltd,MODINSU,Electrical Components & Equipments
Mahanagar Telephone Nigam Ltd,MTNL,Telecom Services
Dynacons Systems and Solutions Ltd,DSSL,IT Services & Consulting
NDR Auto Components Ltd,NDRAUTO,Auto Parts
Indoco Remedies Ltd,INDOCO,Pharmaceuticals
Panama Petrochem Ltd,PANAMAPET,Specialty Chemicals
Hindware Home Innovation Ltd,HINDWAREAP,Home Furnishing
Cosmo First Ltd,COSMOFIRST,Packaging
United Foodbrands Ltd,UFBL,Restaurants & Cafes
Sika Interplant Systems Ltd,SIKA,Aerospace & Defense Equipments
TCI Express Ltd,TCIEXP,Logistics
Shalby Ltd,SHALBY,Hospitals & Diagnostic Centres
UTI Gold Exchange Traded Fund,GOLDBETA,Gold
Titan Biotech Ltd,TITANBIO,Fertilizers & Agro Chemicals
Hathway Cable and Datacom Ltd,HATHWAY,Cable & D2H
Capacite Infraprojects Ltd,CAPACITE,Construction & Engineering
EPack Prefab Technologies Ltd,EPACKPEB,Building Products - Prefab Structures
Saksoft Ltd,SAKSOFT,IT Services & Consulting
Venus Remedies Ltd,VENUSREM,Pharmaceuticals
Simplex Infrastructures Ltd,SIMPLEXINF,Construction & Engineering
Hinduja Global Solutions Ltd,HGS,Outsourced services
Spicejet Ltd,SPICEJET,Airlines
Kothari Industrial Corp Ltd,KOTIC,Fertilizers & Agro Chemicals
Ujaas Energy Ltd,UEL,Renewable Energy
Vikran Engineering Ltd,VIKRAN,Power Transmission & Distribution
Sakar Healthcare Ltd,SAKAR,Pharmaceuticals
GTL Infrastructure Ltd,GTLINFRA,Telecom Infrastructure
EIH Associated Hotels Ltd,EIHAHOTELS,"Hotels, Resorts & Cruise Lines"
India Pesticides Ltd,IPL,Fertilizers & Agro Chemicals
Frontier Springs Ltd,FRONTSP,Industrial Machinery
Asian Granito India Ltd,ASIANTILES,Building Products - Granite
Cantabil Retail India Ltd,CANTABIL,Apparel & Accessories
Aayush Art and Bullion Ltd,AAYUSHBULL,"Precious Metals, Jewellery & Watches"
Suryoday Small Finance Bank Ltd,SURYODAY,Private Banks
Oriental Hotels Ltd,ORIENTHOT,"Hotels, Resorts & Cruise Lines"
TCC Concept Ltd,TCC,Real Estate
S H Kelkar and Company Ltd,SHK,Specialty Chemicals
Studds Accessories Ltd,STUDDS,Two Wheelers
Solarworld Energy Solutions Ltd,SOLARWORLD,Renewable Energy
Go Fashion (India) Ltd,GOCOLORS,Apparel & Accessories
Krsnaa Diagnostics Ltd,KRSNAA,Hospitals & Diagnostic Centres
Indosolar Ltd,WAAREEINDO,Renewable Energy Equipment & Services
Jindal Drilling and Industries Ltd,JINDRILL,Oil & Gas - Equipment & Services
Astec Lifesciences Ltd,ASTEC,Fertilizers & Agro Chemicals
SBC Exports Ltd,SBC,Apparel & Accessories
Hi-Tech Pipes Ltd,HITECH,Building Products - Pipes
SPML Infra Ltd,SPMLINFRA,Construction & Engineering
Ramco Systems Ltd,RAMCOSYS,IT Services & Consulting
Infobeans Technologies Ltd,INFOBEAN,Software Services
Accelya Solutions India Ltd,ACCELYA,Software Services
Krishna Defence & Allied Industries Ltd,KRISHNADEF,Industrial Machinery
Hester Biosciences Ltd,HESTERBIO,Biotechnology
Delta Corp Ltd,DELTACORP,Theme Parks & Gaming
Goodyear India Ltd,GOODYEAR,Tires & Rubber
Spice Lounge Food Works Ltd,SPICELOUNG,Outsourced services
Danish Power Ltd,DANISH,Heavy Electrical Equipments
JG Chemicals Ltd,JGCHEM,Commodity Chemicals
D-link (India) Ltd,DLINKINDIA,Technology Hardware
M & B Engineering Ltd,MBEL,Building Products - Prefab Structures
Thejo Engineering Ltd,THEJO,Construction & Engineering
DISA India Ltd,DISAQ,Industrial Machinery
Asian Energy Services Ltd,ASIANENE,Oil & Gas - Exploration & Production
Summit Securities Ltd,SUMMITSEC,Asset Management
RACL Geartech Ltd,RACLGEAR,Auto Parts
Windlas Biotech Ltd,WINDLAS,Pharmaceuticals
Jagran Prakashan Ltd,JAGRAN,Publishing
Associated Alcohols & Breweries Ltd,ASALCBR,Alcoholic Beverages
Arman Financial Services Ltd,ARMANFIN,Consumer Finance
Shanti Gold International Ltd,SHANTIGOLD,"Precious Metals, Jewellery & Watches"
Meghna Infracon Infrastructure Ltd,MIIL,Real Estate
EMS Ltd,EMSLIMITED,Construction & Engineering
Kotak Nifty Next 50 ETF,NEXT50ETF,Equity
BF Investment Ltd,BFINVEST,Asset Management
Ngl Fine Chem Ltd,NGLFINE,Pharmaceuticals
Algoquant Fintech Ltd,ALGOQUANT,Investment Banking & Brokerage
Walchandnagar Industries Ltd,WALCHANNAG,Industrial Machinery
Citurgia Biochemicals Ltd,CITURGIA,Commodity Chemicals
Indian Hume Pipe Company Ltd,INDIANHUME,Water Management
Dolphin Offshore Enterprises (India) Ltd,DOLPHIN,Oil & Gas - Equipment & Services
Som Distilleries and Breweries Ltd,SDBL,Alcoholic Beverages
Amrutanjan Health Care Ltd,AMRUTANJAN,Pharmaceuticals
Balmer Lawrie Investments Ltd,BLIL,Specialized Finance
Nelco Ltd,NELCO,Communication & Networking
Garuda Construction and Engineering Ltd,GARUDA,Construction & Engineering
GHV Infra Projects Ltd,GHVINFRA,Construction & Engineering
Ashika Credit Capital Ltd,ASHIKA,IT Services & Consulting
GNA Axles Ltd,GNA,Auto Parts
Rajesh Power Services Ltd,RAJESH,Construction & Engineering
Grauer And Weil (India) Ltd,GRAUWEIL,Specialty Chemicals
Sai Silks (Kalamandir) Ltd,KALAMANDIR,Textiles
Mahamaya Steel Industries Ltd,MAHASTEEL,Iron & Steel
Steel Exchange India Ltd,STEELXIND,Iron & Steel
Rico Auto Industries Ltd,RICOAUTO,Auto Parts
Landmark Cars Ltd,LANDMARK,Retail - Speciality
One Point One Solutions Ltd,ONEPOINT,Outsourced services
Sumeet Industries Ltd,SUMEETINDS,Textiles
Dynamic Cables Ltd,DYCL,Cables
Khazanchi Jewellers Ltd,KHAZANCHI,"Precious Metals, Jewellery & Watches"
Arfin India Ltd,ARFIN,Metals - Diversified
One MobiKwik Systems Ltd,MOBIKWIK,Payment Infrastructure
Yatra Online Ltd,YATRA,Online Services
Gandhar Oil Refinery India Ltd,GANDHAR,Oil & Gas - Refining & Marketing
5Paisa Capital Ltd,5PAISA,Diversified Financials
Magellanic Cloud Ltd,MCLOUD,IT Services & Consulting
Onida Electronics Ltd,MIRCELECTR,Home Electronics & Appliances
Aqylon Nexus Ltd,AQYLON,Technology Hardware
Suraksha Diagnostic Ltd,SURAKSHA,Hospitals & Diagnostic Centres
Shriram Properties Ltd,SHRIRAMPPS,Real Estate
Tinna Rubber and Infrastructure Ltd,TINNARUBR,Commodity Chemicals
Media Matrix Worldwide Ltd,MMWL,Advertising
Nitta Gelatin India Ltd,NITTAGELA,FMCG - Foods
Bharat Wire Ropes Ltd,BHARATWIRE,Iron & Steel
CFF Fluid Control Ltd,CFF,Aerospace & Defense Equipments
Advait Energy Transitions Ltd,ADVAIT,Electronic Equipments
Vinyas Innovative Technologies Ltd,VINYAS,Electronic Equipments
Vidhi Specialty Food Ingredients Ltd,VIDHIING,Commodity Chemicals
Jyoti Structures Ltd,JYOTISTRUC,Power Transmission & Distribution
Dollar Industries Ltd,DOLLAR,Apparel & Accessories
Pashupati Cotspin Ltd,PASHUPATI,Textiles
Hypersoft Technologies Ltd,HYPERSOFT,IT Services & Consulting
Signpost India Ltd,SIGNPOST,Advertising
GPT Infraprojects Ltd,GPTINFRA,Construction & Engineering
Seshasayee Paper and Boards Ltd,SESHAPAPER,Paper Products
Ugro Capital Ltd,UGROCAP,Investment Banking & Brokerage
ESAF Small Finance Bank Limited,ESAFSFB,Private Banks
Navkar Corporation Ltd,NAVKARCORP,Logistics
Valiant Communications Ltd,VALIANT,Telecom Equipments
All Time Plastics Ltd,ALLTIME,Plastic Products
Beta Drugs Ltd,BETA,Pharmaceuticals
Precision Camshafts Ltd,PRECAM,Auto Parts
Pnb Gilts Ltd,PNBGILTS,Investment Banking & Brokerage
Chaman Lal Setia Exports Ltd,CLSEL,Packaged Foods & Meats
IND Swift Laboratories Ltd,INDSWFTLAB,Pharmaceuticals
Godavari Biorefineries Ltd,GODAVARIB,Diversified Chemicals
Omaxe Ltd,OMAXE,Real Estate
Expleo Solutions Ltd,EXPLEOSOL,Software Services
Syncom Formulations (India) Ltd,SYNCOMF,Pharmaceuticals
GYFTR Ltd,LKPFIN,Investment Banking & Brokerage
IFGL Refractories Ltd,IFGLEXPOR,Industrial Machinery
Southern Petrochemical Industries Corporation Ltd,SPIC,Fertilizers & Agro Chemicals
STL Networks Ltd,STLNETWORK,Communication & Networking
TIL Ltd,TIL,Heavy Machinery
Blue Cloud Softech Solutions Ltd,BLUECLOUDS,Software Services
SEPC Ltd,SEPC,Construction & Engineering
DCW Ltd,DCW,Commodity Chemicals
Apex Frozen Foods Ltd,APEX,Packaged Foods & Meats
RIR Power Electronics Ltd,RIR,Electronic Equipments
Wendt (India) Ltd,WENDT,Industrial Machinery
Jay Bharat Maruti Ltd,JAYBARMARU,Auto Parts
Jagsonpal Pharmaceuticals Ltd,JAGSNPHARM,Pharmaceuticals
Orient Green Power Company Ltd,GREENPOWER,Renewable Energy
I G Petrochemicals Ltd,IGPL,Specialty Chemicals
Borosil Scientific Ltd,BOROSCI,Health Care Equipment & Supplies
NINtec Systems Ltd,NINSYS,Software Services
Sula Vineyards Ltd,SULA,Alcoholic Beverages
Faze Three Ltd,FAZE3Q,Textiles
Allcargo Logistics Ltd,ALLCARGO,Logistics
Dhanlaxmi Bank Ltd,DHANBANK,Private Banks
Benares Hotels Ltd,BENARAS,"Hotels, Resorts & Cruise Lines"
Everest Kanto Cylinder Ltd,EKC,Gas Distribution
Atul Auto Ltd,ATULAUTO,Three Wheelers
Digitide Solutions Ltd,DIGITIDE,IT Services & Consulting
Antony Waste Handling Cell Ltd,AWHCL,Environmental Services
Aym Syntex Ltd,AYMSYNTEX,Textiles
Dolat Algotech Ltd,DOLATALGO,Investment Banking & Brokerage
Asian Hotels (North) Ltd,ASIANHOTNR,"Hotels, Resorts & Cruise Lines"
Solex Energy Ltd,SOLEX,Industrial Machinery
Electrotherm (India) Ltd,ELECTHERM,Iron & Steel
Fredun Pharmaceuticals Ltd,FREDUN,Pharmaceuticals
Grand Oak Canyons Distillery Ltd,GRANDOAK,Consumer Finance
Haryana Financial Corp,HARAFIN,Specialized Finance
India Motor Parts & Accessories Ltd,IMPAL,Auto Parts
TTK Healthcare Ltd,TTKHLTCARE,Pharmaceuticals
Neueon Corporation Ltd,NEUEON,Power Infrastructure
Laxmi Dental Ltd,LAXMIDENTL,Health Care Equipment & Supplies
iValue Infosolutions Ltd,IVALUE,Software Services
Jaro Institute Of Technology Management & Research Ltd,JARO,Education Services
Shukra Pharmaceuticals Ltd,SHUKRAPHAR,Pharmaceuticals
Quadrant Future Tek Ltd,QUADFUTURE,Communication & Networking
DEN Networks Ltd,DEN,Cable & D2H
Alldigi Tech Ltd,ALLDIGI,IT Services & Consulting
Rupa & Company Ltd,RUPA,Apparel & Accessories
Huhtamaki India Ltd,HUHTAMAKI,Packaging
Amir Chand Jagdish Kumar (Exports) Ltd,AMIRCHAND,FMCG - Foods
SMC Global Securities Ltd,SMCGLOBAL,Investment Banking & Brokerage
Wonder Electricals Ltd,WEL,Home Electronics & Appliances
Safe Enterprises Retail Fixtures Ltd,SAFEENTP,Building Products - Others
Unitech Ltd,UNITECH,Real Estate
OBSC Perfection Ltd,OBSCP,Auto Parts
Divine Power Energy Ltd,DPEL,Cables
Monolithisch India Ltd,MONOLITH,Building Products - Others
Gujarat Natural Resources Ltd,GNRL,Oil & Gas - Exploration & Production
Hardwyn India Ltd,HARDWYN,Building Products - Glass
GPT Healthcare Ltd,GPTHEALTH,Hospitals & Diagnostic Centres
Kross Ltd,KROSS,Auto Parts
Izmo Ltd,IZMO,Software Services
Hariom Pipe Industries Ltd,HARIOMPIPE,Building Products - Pipes
Bluspring Enterprises Ltd,BLUSPRING,Business Support Services
Orient Technologies Ltd,ORIENTTECH,IT Services & Consulting
Andhra Paper Ltd,ANDHRAPAP,Paper Products
B L Kashyap and Sons Ltd,BLKASHYAP,Construction & Engineering
SKM Egg Products Export India Ltd,SKMEGGPROD,Packaged Foods & Meats
Ratnaveer Precision Engineering Ltd,RATNAVEER,Industrial Machinery
Texmaco Infrastructure & Holdings Ltd,TEXINFRA,Real Estate
NIIT Ltd,NIITLTD,Education Services
Capital Small Finance Bank Ltd,CAPITALSFB,Private Banks
Nelcast Ltd,NELCAST,Iron & Steel
Ice Make Refrigeration Ltd,ICEMAKE,Electrical Components & Equipments
Panorama Studios International Ltd,PANORAMA,Movies & TV Serials
BMW Industries Ltd,BMW,Iron & Steel
Platinum Industries Ltd,PLATIND,Commodity Chemicals
Macfos Ltd,ROBU,Software Services
Automobile Corp Of Goa Ltd,ACGL,Trucks & Buses
Updater Services Ltd,UDS,Business Support Services
Meghmani Organics Ltd,MOL,Commodity Chemicals
Bharat Seats Ltd,BHARATSE,Auto Parts
Salasar Techno Engineering Ltd,SALASAR,Iron & Steel
Diffusion Engineers Ltd,DIFFNKG,Industrial Machinery
Tribhovandas Bhimji Zaveri Ltd,TBZ,"Precious Metals, Jewellery & Watches"
HMA Agro Industries Ltd,HMAAGRO,Packaged Foods & Meats
IKIO Technologies Ltd,IKIO,Electrical Components & Equipments
PNGS Reva Diamond Jewellery Ltd,PNGSREVA,"Precious Metals, Jewellery & Watches"
Igarashi Motors India Ltd,IGARASHI,Auto Parts
Andrew Yule & Co Ltd,ANDREWYU,Tea & Coffee
Kody Technolab Ltd,KODYTECH,Software Services
ULTRAMARINE & PIGMENTS Ltd,ULTRAMAR,Commodity Chemicals
Lincoln Pharmaceuticals Ltd,LINCOLN,Pharmaceuticals
Shree Pushkar Chemicals & Fertilisers Ltd,SHREEPUSHK,Specialty Chemicals
Laxmi Goldorna House Ltd,LGHL,"Precious Metals, Jewellery & Watches"
TGV SRAAC Ltd,TGVSL,Commodity Chemicals
Punjab Chemicals and Crop Protection Ltd,PUNJABCHEM,Diversified Chemicals
Sar Auto Products Ltd,SAPL,Auto Parts
SRM Contractors Ltd,SRM,Construction & Engineering
HDFC Nifty 50 ETF,HDFCNIFTY,Equity
Butterfly Gandhimathi Appliances Ltd,BUTTERFLY,Home Electronics & Appliances
Gala Precision Engineering Ltd,GALAPREC,Industrial Machinery
Arihant Superstructures Ltd,ARIHANTSUP,Real Estate
A K Capital Services Ltd,AKCAPIT,Specialized Finance
Virtuoso Optoelectronics Ltd,VOEPL,Home Electronics & Appliances
Motisons Jewellers Ltd,MOTISONS,"Precious Metals, Jewellery & Watches"
Excel Industries Ltd,EXCELINDUS,Fertilizers & Agro Chemicals
Gulshan Polyols Ltd,GULPOLY,Specialty Chemicals
Salzer Electronics Ltd,SALZERELEC,Electrical Components & Equipments
Monte Carlo Fashions Ltd,MONTECARLO,Apparel & Accessories
Mangalam Worldwide Ltd,MWL,Iron & Steel
LIC MF Nifty 50 ETF,LICNETFN50,Equity
Raj Rayon Industries Ltd,RAJRILTD,Textiles
TAAL Tech Ltd,TAALTECH,IT Services & Consulting
3B Blackbio DX Ltd,3BBLACKBIO,Biotechnology
Reliance Industrial Infrastructure Ltd,RIIL,Oil & Gas - Storage & Transportation
Nippon India Nifty Pharma ETF,PHARMABEES,Equity
Genesys International Corporation Ltd,GENESYS,IT Services & Consulting
Indo Rama Synthetics (India) Ltd,INDORAMA,Textiles
Amines and Plasticizers Ltd,AMNPLST,Commodity Chemicals
Accent Microcell Ltd,ACCENTMIC,Pharmaceuticals
Paushak Ltd,PAUSHAKLTD,Specialty Chemicals
Renaissance Global Ltd,RGL,"Precious Metals, Jewellery & Watches"
Indo Borax and Chemicals Ltd,INDOBORAX,Commodity Chemicals
Manaksia Coated Metals & Industries Ltd,MANAKCOAT,Metals - Diversified
Tarsons Products Ltd,TARSONS,Health Care Equipment & Supplies
Balaji Telefilms Ltd,BALAJITELE,Movies & TV Serials
Century Enka Ltd,CENTENKA,Textiles
Jyoti Resins and Adhesives Ltd,JYOTIRES,Commodity Chemicals
Irm Energy Ltd,IRMENERGY,Gas Distribution
Tembo Global Industries Ltd,TEMBO,Iron & Steel
Saraswati Commercial (India) Ltd,ZSARACOM,Specialized Finance
Q-Line Biotech Ltd,QLINE,
Alicon Castalloy Ltd,ALICON,Auto Parts
Aeroflex Enterprises Ltd,AEROENTER,Plastic Products
Fino Payments Bank Ltd,FINOPB,Private Banks
Saint-Gobain Sekurit India Ltd,SEKURITIND,Auto Parts
Industrial and Prudential Investment Co Ltd,INDPRUD,Investment Banking & Brokerage
Hi-Tech Gears Ltd,HITECHGEAR,Auto Parts
AVT Natural Products Ltd,AVTNPL,Agro Products
Shree Digvijay Cement Co Ltd,SHREDIGCEM,Cement
Emkay Tools Ltd,ETL,Industrial Machinery
Zelio E-Mobility Ltd,ZELIO,Two Wheelers
Vardhman Holdings Ltd,VHL,Diversified Financials
Madras Fertilizers Ltd,MADRASFERT,Fertilizers & Agro Chemicals
Sunrakshakk Industries India Ltd,SUNRAKSHAK,Textiles
Oriental Aromatics Ltd,OAL,Specialty Chemicals
Gujarat Kidney and Super Speciality Ltd,GKSL,Hospitals & Diagnostic Centres
Andhra Sugars Ltd,ANDHRSUGAR,Commodity Chemicals
Roto Pumps Ltd,ROTO,Industrial Machinery
Rajputana Stainless Ltd,RSL,Metals - Diversified
MIC Electronics Ltd,MICEL,Electrical Components & Equipments
Jindal Poly Investment and Finance Company Ltd,JPOLYINVST,Asset Management
Centrum Capital Ltd,CENTRUM,Diversified Financials
Bharat Global Developers Ltd,BGDL,Retail - Speciality
Quick Heal Technologies Ltd,QUICKHEAL,IT Services & Consulting
DAM Capital Advisors Ltd,DAMCAPITAL,Investment Banking & Brokerage
Bhagyanagar India Ltd,BHAGYANGR,Electrical Components & Equipments
Gandhi Special Tubes Ltd,GANDHITUBE,Auto Parts
Kapston Services Ltd,KAPSTON,Business Support Services
Manali Petrochemicals Ltd,MANALIPETC,Specialty Chemicals
Tamilnadu Newsprint & Papers Ltd,TNPL,Paper Products
Abans Financial Services Ltd,AFSL,Asset Management
Jindal Photo Ltd,JINDALPHOT,Electronic Equipments
Bombay Super Hybrid Seeds Ltd,BSHSL,Seeds
Excelsoft Technologies Ltd,EXCELSOFT,Software Services
Aditya Birla Sun Life Gold ETF,BSLGOLDETF,Gold
Modison Ltd,MODISONLTD,Electrical Components & Equipments
UTI Nifty Next 50 Exchange Traded Fund,NEXT50BETA,Equity
Shree Refrigerations Ltd,SHREEREF,Building Products - Others
Bajaj Healthcare Ltd,BAJAJHCARE,Pharmaceuticals
GKW Ltd,GKWLIMITED,Logistics
Asian Star Co Ltd,ASTAR,"Precious Metals, Jewellery & Watches"
ADC India Communications Ltd,ADCINDIA,Communication & Networking
Wealth First Portfolio Managers Ltd,WEALTH,Diversified Financials
Master Trust Ltd,MASTERTR,Diversified Financials
Themis Medicare Ltd,THEMISMED,Pharmaceuticals
Swelect Energy Systems Ltd,SWELECTES,Electrical Components & Equipments
Cosmic CRF Ltd,COSMICCRF,"Precious Metals, Jewellery & Watches"
Unicommerce eSolutions Ltd,UNIECOM,Software Services
Rajoo Engineers Ltd,RAJOOENG,Industrial Machinery
BirlaNu Ltd,BIRLANU,Building Products - Others
Bhartiya International Ltd,BIL,Apparel & Accessories
Indo Amines Ltd,INDOAMIN,Specialty Chemicals
Control Print Ltd,CONTROLPR,Electronic Equipments
Crest Ventures Ltd,CREST,Asset Management
Nahar Spinning Mills Ltd,NAHARSPING,Textiles
Himatsingka Seide Ltd,HIMATSEIDE,Textiles
Ambika Cotton Mills Ltd,AMBIKCO,Textiles
Oricon Enterprises Ltd,ORICONENT,Logistics
Dharmaj Crop Guard Ltd,DHARMAJ,Fertilizers & Agro Chemicals
B-Right RealEstate Ltd,BRRL,Real Estate
GRP Ltd,GRPLTD,Tires & Rubber
Modern Malleables Ltd,MODMA,Electrical Components & Equipments
One Global Service Provider Ltd,ONEGLOBAL,Health Care Equipment & Supplies
Health X Platform Ltd,HEALTHX,Health Care Equipment & Supplies
Western Carriers (India) Ltd,WCIL,Logistics
Gayatri Projects Ltd,GAYAPROJ,Construction & Engineering
BCL Industries Ltd,BCLIND,FMCG - Foods
Gretex Corporate Services Ltd,GCSL,Investment Banking & Brokerage
Oriental Rail Infrastructure Ltd,ORIRAIL,Rail
Creative Newtech Ltd,CNL,Technology Hardware
Capital India Finance Ltd,CIFL,Consumer Finance
Viceroy Hotels Ltd,VHLTD,"Hotels, Resorts & Cruise Lines"
Kopran Ltd,KOPRAN,Pharmaceuticals
Arisinfra Solutions Ltd,ARIS,Building Products - Others
Prime Securities Ltd,PRIMESECU,Investment Banking & Brokerage
Mafatlal Industries Ltd,MAFATIND,Apparel & Accessories
Sathlokhar Synergys E&C Global Ltd,SSEGL,Construction & Engineering
Suraj Estate Developers Ltd,SURAJEST,Real Estate
The Ruby Mills Ltd,RUBYMILLS,Textiles
Macpower Cnc Machines Ltd,MACPOWER,Industrial Machinery
Krishival Foods Ltd,KRISHIVAL,FMCG - Foods
GHCL Textiles Ltd,GHCLTEXTIL,Textiles
Zuari Agro Chemicals Ltd,ZUARI,Fertilizers & Agro Chemicals
New Delhi Television Ltd,NDTV,TV Channels & Broadcasters
Axis Gold ETF,AXISGOLD,Gold
Yuken India Ltd,YUKEN,Industrial Machinery
Viviana Power Tech Ltd,VIVIANA,Electrical Components & Equipments
Precot Ltd,PRECOT,Textiles
Synergy Green Industries Ltd,SGIL,Industrial Machinery
Mamata Machinery Ltd,MAMATA,Industrial Machinery
IFB Agro Industries Ltd,IFBAGRO,Alcoholic Beverages
Blue Pearl Agriventures Ltd,BPAGRI,Commodities Trading
Avadh Sugar & Energy Ltd,AVADHSUGAR,Sugar
Bodal Chemicals Ltd,BODALCHEM,Commodity Chemicals
Ester Industries Ltd,ESTER,Commodity Chemicals
Royal Orchid Hotels Ltd,ROHLTD,"Hotels, Resorts & Cruise Lines"
Tejas Cargo India Ltd,TEJASCARGO,Logistics
TVS Electronics Ltd,TVSELECT,Technology Hardware
India Homes Ltd,INDIAHOMES,Iron & Steel
Suyog Telematics Ltd,SUYOG,Telecom Infrastructure
Wanbury Ltd,WANBURY,Pharmaceuticals
Bharat Parenterals Ltd,BPLPHARMA,Pharmaceuticals
STEL Holdings Ltd,STEL,Asset Management
Fermenta Biotech Ltd,FERMENTA,Biotechnology
Dhampur Sugar Mills Ltd,DHAMPURSUG,Sugar
Mac Charles (India) Ltd,MCCHRLS-B,Renewable Energy
SAL Steel Ltd,SALSTEEL,Iron & Steel
Mangal Electrical Industries Ltd,MEIL,Power Infrastructure
Hexa Tradex Ltd,HEXATRADEX,Commodities Trading
Lotus Chocolate Company Ltd,LOTUSCHO,FMCG - Foods
Yamuna Syndicate Ltd,YSL,Commodities Trading
Kellton Tech Solutions Ltd,KELLTONTEC,IT Services & Consulting
Eco Recycling Ltd,ECORECO,Business Support Services
Systematix Corporate Services Ltd,SYSTMTXC,Investment Banking & Brokerage
Uttam Sugar Mills Ltd,UTTAMSUGAR,Sugar
Arihant Foundations & Housing Ltd,ARIHANT,Real Estate
Hindusthan Insulators & Industries Ltd,HIIL,Heavy Electrical Equipments
Sejal Glass Ltd,SEJALLTD,Building Products - Glass
Eimco Elecon (India) Ltd,EIMCOELECO,Industrial Machinery
Sree Rayalaseema Hi-Strength Hypo Ltd,SRHHYPOLTD,Commodity Chemicals
Apis India Ltd,APIS,Agro Products
Rama Steel Tubes Ltd,RAMASTEEL,Building Products - Pipes
Regaal Resources Ltd,REGAAL,FMCG - Foods
Munjal Auto Industries Ltd,MUNJALAU,Auto Parts
Deccan Cements Ltd,DECCANCE,Cement
Ganesh Consumer Products Ltd,GANESHCP,FMCG - Foods
Sobhaygya Mercantile Ltd,SOBME,Diversified Financials
Coffee Day Enterprises Ltd,COFFEEDAY,Restaurants & Cafes
Borana Weaves Ltd,BORANA,Textiles
Vilas Transcore Ltd,VILAS,Heavy Electrical Equipments
Vadilal Enterprises Ltd,VADILENT,Packaged Foods & Meats
Sunshield Chemicals Ltd,SUNSHIEL,Specialty Chemicals
Matrimony.Com Ltd,MATRIMONY,Online Services
Max India Ltd,MAXIND,Hospitals & Diagnostic Centres
Karnika Industries Ltd,KARNIKA,Textiles
Arrow Greentech Ltd,ARROWGREEN,Packaging
LIC MF BSE Sensex ETF,LICNETFSEN,Equity
PNGS Gargi Fashion Jewellery Ltd,GARGI,Retail - Speciality
Z-Tech (India) Ltd,ZTECH,Construction & Engineering
Unified Data-Tech Solutions Limited,UNIFIED,IT Services & Consulting
Finkurve Financial Services Ltd,FINKURVE,Consumer Finance
Automotive Stampings and Assemblies Ltd,ASAL,Auto Parts
Remus Pharmaceuticals Ltd,REMUS,Pharmaceuticals
Stanley Lifestyles Ltd,STANLEY,Retail - Department Stores
NCL Industries Ltd,NCLIND,Cement
Osel Devices Ltd,OSELDEVICE,Electrical Components & Equipments
Sterling Tools Ltd,STERTOOLS,Industrial Machinery
Kokuyo Camlin Ltd,KOKUYOCMLN,Stationery
Om Infra Ltd,OMINFRAL,Construction & Engineering
Sigachi Industries Ltd,SIGACHI,Commodity Chemicals
Sudarshan Colorants India Ltd,SUDARCOLOR,Specialty Chemicals
Shree Ganesh Remedies Ltd,SGRL,Pharmaceuticals
Dhunseri Ventures Ltd,DVL,Specialty Chemicals
Cellecor Gadgets Ltd,CELLECOR,Home Electronics & Appliances
Uni-Abex Alloy Products Ltd,UNIABEXAL,Iron & Steel
JITF Infralogistics Ltd,JITFINFRA,Shipbuilding
Dwarikesh Sugar Industries Ltd,DWARKESH,Sugar
Sudarshan Pharma Industries Ltd,SUDARSHAN,Pharmaceuticals
Sarla Performance Fibers Ltd,SARLAPOLY,Textiles
Veefin Solutions Ltd,VEEFIN,Application Software
Vivid Electromech Ltd,VIVIDEL,Electrical Components & Equipments
Krystal Integrated Services Ltd,KRYSTAL,Business Support Services
Ganesh Green Bharat Ltd,GGBL,Renewable Energy
Prostarm Info Systems Ltd,PROSTARM,Power Generation
Innovassynth Technologies (India) Ltd,INOVSYNTH,Specialty Chemicals
TAC Infosec Ltd,TAC,IT Services & Consulting
GIC Housing Finance Ltd,GICHSGFIN,Home Financing
Bright Outdoor Media Ltd,BRIGHT,Advertising
RSWM Ltd,RSWM,Textiles
Kabra Extrusion Technik Ltd,KABRAEXTRU,Industrial Machinery
Bajaj Steel Industries Ltd,BAJAJST,Building Products - Prefab Structures
India Power Corporation Ltd,DPSCLTD,Power Generation
Valiant Organics Ltd,VALIANTORG,Commodity Chemicals
Pudumjee Paper Products Ltd,PDMJEPAPER,Paper Products
Supreme Infrastructure India Ltd,SUPREMEINF,Construction & Engineering
Menon Bearings Ltd,MENONBE,Auto Parts
Visa Chrome Ltd,VISACHROME,Iron & Steel
Indef Manufacturing Ltd,BAJAJINDEF,Heavy Machinery
Tamilnadu Petroproducts Ltd,TNPETRO,Commodity Chemicals
South West Pinnacle Exploration Ltd,SOUTHWEST,Mining - Diversified
IST Ltd,ISTLTD,Industrial Machinery
McLeod Russel India Ltd,MCLEODRUSS,Tea & Coffee
Forbes Precision Tools and Machine Parts Ltd,TOTEM,Industrial Machinery
Gem Aromatics Ltd,GEMAROMA,Specialty Chemicals
Aditya Birla Money Ltd,BIRLAMONEY,Investment Banking & Brokerage
Prizor Viztech Ltd,PRIZOR,Business Support Services
N R Agarwal Industries Ltd,NRAIL,Paper Products
Sahasra Electronic Solutions Ltd,SAHASRA,Electronic Equipments
Hazoor Multi Projects Ltd,HAZOOR,Real Estate
Consolidated Finvest & Holdings Ltd,CONSOFINVT,Asset Management
Parin Enterprises Ltd,PARIN,Building Products - Others
PVP Ventures Ltd,PVP,Real Estate
Prozone Realty Ltd,PROZONER,Real Estate
United Polyfab Gujarat Ltd,UNITEDPOLY,Textiles
BEML Land Assets Ltd,BLAL,Real Estate
Rajapalayam Mills Ltd,RAJPALAYAM,Textiles
Maan Aluminium Ltd,MAANALU,Metals - Aluminium
Pradeep Metals Ltd,PRADPME,Heavy Machinery
ECOS (India) Mobility & Hospitality Ltd,ECOSMOBLTY,Tour & Travel Services
Airfloa Rail Technology Ltd,AIRFLOA,Industrial Machinery
U. P. Hotels Ltd,UPHOT,"Hotels, Resorts & Cruise Lines"
Kirloskar Electric Company Ltd,KECL,Heavy Electrical Equipments
Kotak Nifty Alpha 50 ETF,ALPHA,Equity
Vasa Denticity Ltd,DENTALKART,Hospitals & Diagnostic Centres
Shri Ahimsa Naturals Ltd,SHRIAHIMSA,FMCG - Foods
Axtel Industries Ltd,AXTEL,Industrial Machinery
Likhitha Infrastructure Ltd,LIKHITHA,Construction & Engineering
JOJO Ltd,JOJO,Movies & TV Serials
Advent Hotels International Ltd,ADVENTHTL,"Hotels, Resorts & Cruise Lines"
Manoj Vaibhav Gems N Jewellers Ltd,MVGJL,"Precious Metals, Jewellery & Watches"
Anuh Pharma Ltd,ANUHPHR,Pharmaceuticals
Fairchem Organics Ltd,FAIRCHEMOR,Specialty Chemicals
Eldeco Housing and Industries Ltd,ELDEHSG,Real Estate
Shree Vasu Logistics Ltd,SVLL,Logistics
Ritco Logistics Ltd,RITCO,Logistics
Fedders Holding Ltd,FEDDERSHOL,Diversified Financials
Integra Engineering India Ltd,INTEGRAEN,Industrial Machinery
Beekay Steel Industries Ltd,BEEKAY,Iron & Steel
IIRM Holdings India Ltd,IIRM,Insurance
Vascon Engineers Ltd,VASCONEQ,Construction & Engineering
Xchanging Solutions Ltd,XCHANGING,IT Services & Consulting
Dhampur Bio Organics Ltd,DBOL,Sugar
Sadhana Nitro Chem Ltd,SADHNANIQ,Specialty Chemicals
Zuari Industries Ltd,ZUARIIND,Conglomerates
Yogi Ltd,YOGI,Real Estate
Scoda Tubes Ltd,SCODATUBES,Industrial Machinery
Uniphos Enterprises Ltd,UNIENTER,Fertilizers & Agro Chemicals
Aryaman Financial Services Ltd,ARYAMAN,Investment Banking & Brokerage
Taneja Aerospace and Aviation Ltd,TANAA,Aerospace & Defense Equipments
Utssav CZ Gold Jewels Ltd,UTSSAV,"Precious Metals, Jewellery & Watches"
Permanent Magnets Ltd,PERMAGN,Metals - Diversified
Anlon Healthcare Ltd,AHCL,Pharmaceuticals
GTPL Hathway Ltd,GTPL,Cable & D2H
Arihant Capital Markets Ltd,ARIHANTCAP,Diversified Financials
Gloster Ltd,GLOSTERLTD,Textiles
Sahana System Ltd,SAHANA,IT Services & Consulting
Bizotic Commercial Ltd,BIZOTIC,Textiles
Petro Carbon and Chemicals Ltd,PCCL,Metals - Coke
VLS Finance Ltd,VLSFINANCE,Investment Banking & Brokerage
Praveg Ltd,PRAVEG,Advertising
A B Infrabuild Ltd,ABINFRA,Construction & Engineering
Sandesh Ltd,SANDESH,Publishing
Heranba Industries Ltd,HERANBA,Fertilizers & Agro Chemicals
FlySBS Aviation Ltd,FLYSBS,Airlines
LIC MF Nifty 100 ETF,LICNFNHGP,Equity
Kothari Petrochemicals Ltd,KOTHARIPET,Commodity Chemicals
SPEL Semiconductor Ltd,SPELS,Electronic Equipments
Vision Infra Equipment Solutions Ltd,VIESL,Business Support Services
Enkei Wheels (India) Ltd,ENKEIWHEL,Auto Parts
Innovision Ltd,INNOVISION,Employment Services
State Trading Corporation of India Ltd,STCINDIA,Commodities Trading
Bigbloc Construction Ltd,BIGBLOC,Building Products - Granite
Jayant Agro-Organics Ltd,JAYAGROGN,Specialty Chemicals
CWD Limited,CWD,Home Electronics & Appliances
Popular Vehicles and Services Ltd,PVSL,Four Wheelers
Sacheerome Ltd,SACHEEROME,FMCG - Personal Products
Vakrangee Limited,VAKRANGEE,Outsourced services
SMT Engineering Ltd,SMTEL,Industrial Machinery
Allied Digital Services Ltd,ADSL,IT Services & Consulting
Tata Nifty 50 ETF,NETF,Equity
RM Drip & Sprinklers Systems Ltd,RMDRIP,Agricultural & Farm Machinery
ABS Marine Services Ltd,ABSMARINE,Shipbuilding
Mindteck (India) Ltd,MINDTECK,IT Services & Consulting
Innovana Thinklabs Ltd,INNOVANA,Software Services
MMP Industries Ltd,MMP,Metals - Aluminium
Foce India Ltd,FOCE,"Precious Metals, Jewellery & Watches"
EFFWA Infra & Research Ltd,EFFWA,Environmental Services
Fabtech Technologies Ltd,FABTECH,Pharmaceuticals
Ksolves India Ltd,KSOLVES,IT Services & Consulting
Welspun Investments and Commercials Ltd,WELINV,Diversified Financials
GeeCee Ventures Ltd,GEECEE,Real Estate
Iris Clothings Ltd,IRISDOREME,Retail - Apparel
Exhicon Events Media Solutions Ltd,EXHICON,Advertising
Bhageria Industries Ltd,BHAGERIA,Specialty Chemicals
Shraddha Prime Projects Ltd,SHRADDHA,Real Estate
Voith Paper Fabrics India Ltd,VOITHPAPR,Textiles
Asian Hotels (West) Ltd,AHLWEST,"Hotels, Resorts & Cruise Lines"
Ganesh Benzoplast Ltd,GANESHBE,Specialty Chemicals
TV Today Network Limited,TVTODAY,TV Channels & Broadcasters
Emkay Global Financial Services Ltd,EMKAY,Investment Banking & Brokerage
Virat Industries Ltd,VIRAT,Apparel & Accessories
Chemcon Speciality Chemicals Ltd,CHEMCON,Specialty Chemicals
Radhika Jeweltech Ltd,RADHIKAJWE,"Precious Metals, Jewellery & Watches"
Mukka Proteins Ltd,MUKKA,Packaged Foods & Meats
Consolidated Construction Consortium Ltd,CCCL,Construction & Engineering
Foseco Crucible (India) Ltd,FOSECOC,Industrial Machinery
Amal Ltd,AMAL,Commodity Chemicals
Mercury Ev-Tech Ltd,MERCURYEV,Commodities Trading
Saurashtra Cement Ltd,SAURASHCEM,Cement
Kamdhenu Ltd,KAMDHENU,Iron & Steel
DMCC Speciality Chemicals Ltd,DMCC,Diversified Chemicals
Advance Agrolife Ltd,ADVANCE,Specialty Chemicals
Modi's Navnirman Ltd,MODIS,Real Estate
Australian Premium Solar (India) Ltd,APS,Renewable Energy
Cheviot Co Ltd,CHEVIOT,Textiles
Denta Water and Infra Solutions Ltd,DENTA,Water Management
Tuticorin Alkali Chemicals and Fertilizers Ltd,TUTIALKA,Commodity Chemicals
RNFI Services Ltd,RNFI,Diversified Financials
LIC MF Nifty Midcap 100 ETF,LICNMID100,Equity
Kuantum Papers Ltd,KUANTUM,Paper Products
SAR Televenture Ltd,SARTELE,Telecom Infrastructure
Jagatjit Industries Ltd,JAGAJITIND,Alcoholic Beverages
20 Microns Ltd,20MICRONS,Specialty Chemicals
Transindia Real Estate Ltd,TREL,Logistics
Allcargo Terminals Ltd,ATL,Logistics
Aditya Birla Sun Life Nifty 50 ETF,BSLNIFTY,Equity
Indo SMC Ltd,INDOSMC,Electrical Components & Equipments
Birla Cable Ltd,BIRLACABLE,Telecom Equipments
SoftTech Engineers Ltd,SOFTTECH,Software Services
Baheti Recycling Industries Ltd,BAHETI,Metals - Aluminium
Agarwal Industrial Corporation Ltd,AGARIND,Commodity Chemicals
Magadh Sugar & Energy Ltd,MAGADSUGAR,Sugar
Nahar Poly Films Ltd,NAHARPOLY,Textiles
C2C Advanced Systems Ltd,C2C,Software Services
Swaraj Suiting Ltd,SWARAJ,Textiles
Unihealth Hospitals Ltd,UNIHEALTH,Hospitals & Diagnostic Centres
Kilitch Drugs (India) Ltd,KILITCH,Pharmaceuticals
Z F Steering Gear (India) Ltd,ZFSTEERING,Auto Parts
Eraaya Lifespaces Ltd,EBIX,Construction & Engineering
Oswal Greentech Ltd,OSWALGREEN,Real Estate
Commercial Syn Bags Ltd,COMSYN,Packaging
Shree Rama Multi-Tech Ltd,SHREERAMA,Plastic Products
Snowman Logistics Ltd,SNOWMAN,Logistics
Visaka Industries Ltd,VISAKAIND,Cement
KSE Ltd,KSE,Agro Products
Supreme Power Equipment Ltd,SUPREMEPWR,Power Transmission & Distribution
Empire Industries Ltd,EMPIND,Packaging
Kinetic Engineering Ltd,KINETICENG,Auto Parts
Patel Retail Ltd,PATELRMART,Retail - Speciality
Indo Farm Equipment Ltd,INDOFARM,Agricultural & Farm Machinery
Mallcom (India) Ltd,MALLCOM,Business Support Services
VTM Ltd,VTMLTD,Textiles
Pasupati Acrylon Ltd,PASUPTAC,Textiles
Pyramid Technoplast Ltd,PYRAMID,Plastic Products
Onward Technologies Ltd,ONWARDTEC,Outsourced services
Aptech Ltd,APTECHT,Education Services
Hindustan Composites Ltd,HINDCOMPOS,Auto Parts
Parth Electricals & Engineering Ltd,PARTH,Electrical Components & Equipments
Everest Industries Ltd,EVERESTIND,Building Products - Prefab Structures
Investment & Precision Castings Ltd,INVPRECQ,Auto Parts
Haldyn Glass Ltd,HALDYNGL,Building Products - Glass
Linc Ltd,LINC,Stationery
Subex Ltd,SUBEXLTD,Software Services
Glottis Ltd,GLOTTIS,Logistics
ANB Metal Cast Ltd,AMCL,Building Products - Others
Subam Papers Ltd,SUBAM,Packaging
Modi Naturals Ltd,MODINATUR,Agro Products
Dish TV India Ltd,DISHTV,Cable & D2H
Premier Polyfilm Ltd,PREMIERPOL,Home Furnishing
Sutlej Textiles and Industries Ltd,SUTLEJTEX,Textiles
Chemfab Alkalis Ltd,CHEMFAB,Commodity Chemicals
Om Power Transmission Ltd,OMPOWER,Power Transmission & Distribution
Credo Brands Marketing Ltd,MUFTI,Apparel & Accessories
Panchmahal Steel Ltd,PANCHMAHQ,Iron & Steel
Polo Queen Industrial and Fintech Ltd,PQIF,FMCG - Household Products
Sharat Industries Ltd,SHINDL,Packaged Foods & Meats
Panache Digilife Ltd,PANACHE,Technology Hardware
Best Agrolife Ltd,BESTAGRO,Diversified Chemicals
Sunlite Recycling Industries Ltd,SUNLITE,Cables
Oswal Agro Mills Ltd,OSWALAGRO,Real Estate
Vinsys IT Services India Ltd,VINSYS,IT Services & Consulting
Artson Ltd,ARTSON,Construction & Engineering
Goel Construction Company Ltd,GOELCONS,Construction & Engineering
Focus Lighting and Fixtures Ltd,FOCUS,Home Electronics & Appliances
Euro India Fresh Foods Ltd,EIFFL,FMCG - Foods
Tirupati Forge Ltd,TIRUPATIFL,Auto Parts
Laxmi India Finance Ltd,LAXMIINDIA,Specialized Finance
RDB Infrastructure and Power Ltd,RDBIPL,Real Estate
Manba Finance Ltd,MANBA,Diversified Financials
Chandan Healthcare Ltd,CHANDAN,Pharmaceuticals
Namo eWaste Management Ltd,NAMOEWASTE,Environmental Services
Shri Venkatesh Refineries Ltd,SVRL,Wood Products
OCCL Ltd,OCCLLTD,Commodity Chemicals
Tandhan Industries Ltd,ZSANMCOM,
Urja Global Ltd,URJA,Renewable Energy Equipment & Services
Hemant Surgical Industries Ltd,HSIL,Health Care Equipment & Supplies
Satia Industries Ltd,SATIA,Paper Products
Transpek Industry Ltd,TRANSPEK,Specialty Chemicals
Primo Chemicals Ltd,PRIMO,Specialty Chemicals
ZIM Laboratories Ltd,ZIMLAB,Pharmaceuticals
TPL Plastech Ltd,TPLPLASTEH,Plastic Products
Vikram Thermo (India) Ltd,VIKRAMTH,Pharmaceuticals
Proventus Agrocom Ltd,PROV,Packaged Foods & Meats
NBI Industrial Finance Company Ltd,NBIFIN,Diversified Financials
Elin Electronics Ltd,ELIN,Electronic Equipments
Influx Healthtech Ltd,INFLUX,Pharmaceuticals
Sukhjit Starch and Chemicals Ltd,SUKHJITS,Agro Products
Hindustan Media Ventures Ltd,HMVL,Publishing
True Green Bio Energy Ltd,TRUEGREEN,Textiles
Davangere Sugar Company Ltd,DAVANGERE,Sugar
Peninsula Land Ltd,PENINLAND,Real Estate
S Chand and Company Ltd,SCHAND,Education Services
Onmobile Global Ltd,ONMOBILE,Software Services
KRM Ayurveda Ltd,KRMAYURVED,Hospitals & Diagnostic Centres
Uday Jewellery Industries Ltd,UDAYJEW,"Precious Metals, Jewellery & Watches"
India Finsec Ltd,IFINSEC,Diversified Financials
IRIS RegTech Solutions Ltd,IRIS,IT Services & Consulting
Azad India Mobility Ltd,AZADIND,Commodities Trading
Tera Software Ltd,TERASOFT,IT Services & Consulting
RNIT AI Solutions Ltd,RNITAI,Software Services
POCL Enterprises Ltd,POEL,Commodity Chemicals
Captain Technocast Ltd,CTCL,Industrial Machinery
Concord Enviro Systems Ltd,CEWATER,Environmental Services
Keltech Energies Ltd,KELENRG,Commodity Chemicals
Kamat Hotels (India) Ltd,KAMATHOTEL,"Hotels, Resorts & Cruise Lines"
Emami Paper Mills Ltd,EMAMIPAP,Paper Products
Nile Ltd,NILE,Metals - Diversified
Lokesh Machines Ltd,LOKESHMACH,Industrial Machinery
GP Eco Solutions India Ltd,GPECO,Renewable Energy Equipment & Services
Nahar Industrial Enterprises Ltd,NAHARINDUS,Textiles
Piramal Finance Ltd,PIRAMALFIN,Home Financing
Sayaji Hotels Ltd,SAYAJIHOTL,"Hotels, Resorts & Cruise Lines"
Global Education Ltd,GLOBAL,Education Services
Speciality Restaurants Ltd,SPECIALITY,Restaurants & Cafes
Omax Autos Ltd,OMAXAUTO,Auto Parts
Shish Industries Ltd,SHISHIND,Plastic Products
International Conveyors Ltd,INTLCONV,Industrial Machinery
Triton Valves Ltd,TRITONV,Auto Parts
HLV Ltd,HLVLTD,"Hotels, Resorts & Cruise Lines"
Lakshmi Mills Company Ltd,LAKSHMIMIL,Textiles
Khaitan Chemicals and Fertilizers Ltd,KHAICHEM,Fertilizers & Agro Chemicals
DCM Shriram International Ltd,DCMSIL,Conglomerates
Investment Trust of India Ltd,THEINVEST,Investment Banking & Brokerage
W S Industries (India) Ltd,WSI,Industrial Machinery
Entertainment Network (India) Ltd,ENIL,Radio
Sical Logistics Ltd,SICALLOG,Logistics
PTL Enterprises Ltd,PTL,Tires & Rubber
BMW Ventures Ltd,BMWVENTLTD,Building Products - Pipes
HT Media Ltd,HTMEDIA,Publishing
Zee Media Corporation Ltd,ZEEMEDIA,TV Channels & Broadcasters
CSL Finance Ltd,CSLFINANCE,Specialized Finance
S J Logistics (India) Ltd,SJLOGISTIC,Logistics
GFL Ltd,GFLLIMITED,Specialty Chemicals
Hercules Investments Ltd,HERCULES,Industrial Machinery
Munjal Showa Ltd,MUNJALSHOW,Auto Parts
R K Swamy Ltd,RKSWAMY,Advertising
Nila Spaces Ltd,NILASPACES,Real Estate
Gujarat Apollo Industries Ltd,GUJAPOLLO,Industrial Machinery
Riddhi Siddhi Gluco Biols Ltd,RIDDHI,Commodities Trading
Jenburkt Pharmaceuticals Ltd,JENBURPH,Pharmaceuticals
RBZ Jewellers Ltd,RBZJEWEL,"Precious Metals, Jewellery & Watches"
Megamont Ltd,MEGAMONT,
Mangalam Global Enterprise Ltd,MGEL,Commodity Chemicals
Shriram Asset Management Co Ltd,SRAMSET,Asset Management
Andhra Cements Ltd,ACL,Cement
Vashu Bhagnani Industries Ltd,POOJAENT,Movies & TV Serials
Shri Jagdamba Polymers Ltd,SHRJAGP,Textiles
Nisus Finance Services Co Ltd,NISUS,Specialized Finance
Repro India Ltd,REPRO,Stationery
DSP Gold ETF,GOLDADD,Gold
Inspirisys Solutions Ltd,INSPIRISYS,IT Services & Consulting
Omega Interactive Technologies Ltd,OMEGAIN,Software Services
Black Rose Industries Ltd,BLACKROSE,Specialty Chemicals
Kronox Lab Sciences Ltd,KRONOX,Specialty Chemicals
United Drilling Tools Ltd,UNIDT,Oil & Gas - Equipment & Services
Orient Bell Ltd,ORIENTBELL,Building Products - Ceramics
S & S Power Switchgear Ltd,S&SPOWER,Electrical Components & Equipments
Basilic Fly Studio Ltd,BASILIC,Animation
Shree Tirupati Balajee FIBC Ltd,TIRUPATI,Packaging
Moneyboxx Finance Ltd,MONEYBOXX,Diversified Financials
Advani Hotels and Resorts (India) Ltd,ADVANIHOTR,"Hotels, Resorts & Cruise Lines"
Mirae Asset NYSE FANG+ ETF,MAFANG,Equity
Niyogin Fintech Ltd,NIYOGIN,Diversified Financials
Monika Alcobev Ltd,MONIKA,Alcoholic Beverages
Orient Ceratech Ltd,ORIENTCER,Metals - Diversified
Freshara Agro Exports Ltd,FRESHARA,Agro Products
Prakash Pipes Ltd,PPL,Building Products - Pipes
Cropster Agro Ltd,CROPSTER,Agro Products
Propshare Titania,PSTITANIA,Real Estate
Donear Industries Ltd,DONEAR,Textiles
Essar Shipping Ltd,ESSARSHPNG,Logistics
Brahmaputra Infrastructure Ltd,BRAHMINFRA,Construction & Engineering
Dhunseri Investments Ltd,DHUNINV,Asset Management
Shiva Cement Ltd,SHIVACEM,Cement
ABM Knowledgeware Ltd,ABMKNO,Software Services
A B Cotspin India Ltd,ABCOTS,Textiles
Hitech Corporation Ltd,HITECHCORP,Packaging
Pansari Developers Ltd,PANSARI,Real Estate
Aryaman Capital Markets Ltd,ARYACAPM,Diversified Financials
Sheetal Cool Products Ltd,SCPL,FMCG - Foods
JD Cables Ltd,JDCABLES,Cables
Fabtech Technologies Cleanrooms Ltd,FABCLEAN,Construction & Engineering
Chembond Chemicals Ltd,CHEMBONDCH,Specialty Chemicals
Qualitek Labs Ltd,QLL,Labs & Life Sciences Services
Shah Metacorp Ltd,SHAH,Iron & Steel
Tara Chand Infralogistic Solutions Ltd,TARACHAND,Business Support Services
Orbit Exports Ltd,ORBTEXP,Textiles
Mazda Ltd,MAZDA,Industrial Machinery
Neetu Yoshi Ltd,NEETUYOSHI,Auto Parts
Wim Plast Ltd,WIMPLAST,Plastic Products
GVK Power & Infrastructure Ltd,GVKPIL,Airports
HRS Aluglaze Ltd,HRS,Building Products - Others
SK Minerals & Additives Ltd,SKM,Specialty Chemicals
KN Agri Resources Ltd,KNAGRI,Agro Products
TechD Cybersecurity Ltd,TECHD,Software Services
Digispice Technologies Ltd,DIGISPICE,Telecom Equipments
PREVEST DENPRO LTD,PREVEST,Health Care Equipment & Supplies
High Energy Batteries (India) Ltd,HIGHENE,Aerospace & Defense Equipments
Sreeleathers Ltd,SREEL,Footwear
Pajson Agro India Ltd,PAJSON,FMCG - Foods
Vinyl Chemicals (India) Ltd,VINYLINDIA,Specialty Chemicals
Plastiblends India Ltd,PLASTIBLEN,Specialty Chemicals
Suditi Industries Ltd,SUDTIND-B,Textiles
DIC India Ltd,DICIND,Specialty Chemicals
Danlaw Technologies India Ltd,DANLAW,IT Services & Consulting
Kanpur Plastipack Ltd,KANPRPLA,Packaging
Sarveshwar Foods Ltd,SARVESHWAR,Packaged Foods & Meats
DC Infotech and Communication Ltd,DCI,IT Services & Consulting
Singer India Ltd,SINGERIND,Home Electronics & Appliances
Suratwwala Business Group Ltd,SBGLP,Real Estate
ETOE Transportation Infrastructure Ltd,E2ERAIL,Rail
SRG Housing Finance Ltd,SRGHFL,Consumer Finance
Euro Panel Products Ltd,EUROBOND,Metals - Aluminium
Take Solutions Ltd,TAKE,IT Services & Consulting
Nupur Recyclers Ltd,NRL,Metals - Diversified
Ugar Sugar Works Ltd,UGARSUGAR,Sugar
Sil Investments Ltd,SILINV,Diversified Financials
Maxvolt Energy Industries Ltd,MAXVOLT,Batteries
Globe International Carriers Ltd,GICL,Logistics
LT Elevator Ltd,LTELEVATOR,Industrial Machinery
NDL Ventures Ltd,NDLVENTURE,Real Estate
Vishnu Prakash R Punglia Ltd,VPRPL,Construction & Engineering
StarlinePS Enterprises Ltd,STARLENT,"Precious Metals, Jewellery & Watches"
Neptune Petrochemicals Ltd,NEPTUNE,Building Products - Ceramics
Emrock Corporation Ltd,EMROCK,Construction & Engineering
Kriti Nutrients Ltd,KRITINUT,Packaged Foods & Meats
Amanta Healthcare Ltd,AMANTA,Pharmaceuticals
Sunita Tools Ltd,SUNITATOOL,Industrial Machinery
Cybertech Systems and Software Ltd,CYBERTECH,IT Services & Consulting
Magna Electro Castings Ltd,MAGNAELQ,Iron & Steel
Mangalam Organics Ltd,MANORG,Commodity Chemicals
Lehar Footwears Ltd,LEHAR,Footwear
Emami Realty Ltd,EMAMIREAL,Real Estate
Veljan Denison Ltd,VELJAN,Industrial Machinery
Pune E - Stock Broking Ltd,PESB,Investment Banking & Brokerage
Rushil Decor Ltd,RUSHIL,Building Products - Laminates
Connplex Cinemas Ltd,CONNPLEX,Theatres
HCL Infosystems Ltd,HCL-INSYS,IT Services & Consulting
MBL Infrastructure Ltd,MBLINFRA,Construction & Engineering
Universus Photo Imagings Ltd,UNIVPHOTO,Health Care Equipment & Supplies
ICICI Prudential Silver ETF,SILVERIETF,Silver
Captain Polyplast Ltd,CPL,Industrial Machinery
Manaksia Steels Ltd,MANAKSTEEL,Iron & Steel
Saakshi Medtech and Panels Ltd,SAAKSHI,Electrical Components & Equipments
Haleos Labs Ltd,HALEOSLABS,Pharmaceuticals
Tankup Engineers Ltd,TANKUP,Heavy Machinery
Kothari Products Ltd,KOTHARIPRO,Commodities Trading
Mangal Credit and Fincorp Ltd,MANCREDIT,Consumer Finance
Zodiac Energy Ltd,ZODIAC,Renewable Energy Equipment & Services
Mishtann Foods Ltd,MISHTANN,FMCG - Foods
Shree Rama Newsprint Ltd,RAMANEWS,Paper Products
Nahar Capital and Financial Services Ltd,NAHARCAP,Asset Management
Kiran Vyapar Ltd,KIRANVYPAR,Investment Banking & Brokerage
Shiv Aum Steels Ltd,SHIVAUM,Commodities Trading
Kotyark Industries Ltd,KOTYARK,Oil & Gas - Refining & Marketing
Veritas (India) Ltd,VERITAS,Commodities Trading
Aries Agro Ltd (CN),ARIES,Fertilizers & Agro Chemicals
Xtglobal Infotech Ltd,XTGLOBAL,IT Services & Consulting
Le Merite Exports Ltd,LEMERITE,Textiles
Suraj Ltd,SURAJLTD,Iron & Steel
B&B Triplewall Containers Ltd,BBTCL,Packaging
Akme Fintrade India Ltd,AFIL,Consumer Finance
Hindustan Motors Ltd,HINDMOTORS,Four Wheelers
Megatherm Induction Ltd,MEGATHERM,Industrial Machinery
Banswara Syntex Ltd,BANSWRAS,Textiles
Rama Phosphates Ltd,RAMAPHO,Fertilizers & Agro Chemicals
Unifinz Capital India Ltd,UCIL,Specialized Finance
Ratnabhumi Developers Ltd,RATNABHUMI,Real Estate
Kanoria Chemicals and Industries Ltd,KANORICHEM,Specialty Chemicals
Mirza International Ltd,MIRZAINT,Footwear
Rubfila International Ltd,RUBFILA,Commodity Chemicals
Divine Hira Jewellers Ltd,DIVINEHIRA,"Precious Metals, Jewellery & Watches"
CLN Energy Ltd,CLN,Batteries
ATMASTCO Ltd,ATMASTCO,Iron & Steel
Shalimar Paints Ltd,SHALPAINTS,Specialty Chemicals
Systematic Industries Ltd,SYSTEMATIC,Cables
Kalyani Cast-Tech Ltd,KALYANI,Industrial Machinery
Sigma Solve Ltd,SIGMA,IT Services & Consulting
Foods and Inns Ltd,FOODSIN,FMCG - Foods
Sattrix Information Security Ltd,SATTRIX,IT Services & Consulting
Valiant Laboratories Ltd,VALIANTLAB,Pharmaceuticals
Yaap Digital Ltd,YAAP,Advertising
Vraj Iron and Steel Ltd,VRAJ,Iron & Steel
Adisoft Technologies Ltd,ADISOFT,Industrial Machinery
Liberty Shoes Ltd,LIBERTSHOE,Footwear
Patil Automation Ltd,PATILAUTOM,Industrial Machinery
Radiant Cash Management Services Ltd,RADIANTCMS,Business Support Services
Sealmatic India Ltd,SEALMATIC,Cables
Asarfi Hospital Ltd,ASARFI,Hospitals & Diagnostic Centres
Thomas Scott (India) Ltd,THOMASCOTT,Retail - Apparel
Forbes & Company Ltd,FORBESCO,Conglomerates
Gokul Refoils and Solvent Ltd,GOKUL,Packaged Foods & Meats
Albert David Ltd,ALBERTDAVD,Pharmaceuticals
Artemis Electricals and Projects Ltd,AEPL,Electrical Components & Equipments
Simplex Castings Ltd,SIMPLEXCAS,Iron & Steel
Nikhil Adhesives Ltd,NIKHILAD,Commodity Chemicals
Nimbus Projects Ltd,NIMBSPROJ,Real Estate
Kisan Mouldings Ltd,KISAN,Building Products - Pipes
Vishal Fabrics Ltd,VISHAL,Textiles
GEE Ltd,GEE,Industrial Machinery
Fluidomat Ltd,FLUIDOM,Industrial Machinery
Anlon Technology Solutions Ltd,ANLON,Construction & Engineering
Tolins Tyres Ltd,TOLINS,Tires & Rubber
JTL Defence Ltd,JTLDEFENCE,Metals - Copper
Maruti Interior Products Ltd,SPITZE,Cables
Asgard Alcobev Ltd,ASGARD,Alcoholic Beverages
Shivalik Rasayan Ltd,SHIVALIK,Fertilizers & Agro Chemicals
Raghuvir Synthetics Ltd,RAGHUSYN,Textiles
Swiss Military Consumer Goods Ltd,SWISSMLTRY,Investment Banking & Brokerage
RDB Real Estate Constructions Ltd,RRECL,Real Estate
Shera Energy Ltd,SHERA,Metals - Diversified
Pakka Limited,PAKKA,Paper Products
Medico Remedies Ltd,MEDICO,Pharmaceuticals
Vishnusurya Projects and Infra Ltd,VISHNUINFR,Construction & Engineering
Kriti Industries (India) Limited,KRITI,Building Products - Pipes
Dreamfolks Services Ltd,DREAMFOLKS,Logistics
Lords Chloro Alkali Ltd,LORDSCHLO,Commodity Chemicals
Purple Finance Ltd,PURPLEFIN,Consumer Finance
Dhabriya Polywood Ltd,DHABRIYA,Building Products - Laminates
Vipul Organics Ltd,VIPULORG,Specialty Chemicals
Vertoz Ltd,VERTOZ,Advertising
Workmates Core2cloud Solution Ltd,WORKMATES,IT Services & Consulting
Bemco Hydraulics Ltd,BEMHY,Industrial Machinery
Manaksia Ltd,MANAKSIA,Metals - Diversified
Mawana Sugars Ltd,MAWANASUG,Sugar
KD Green Industries Ltd,MANBRO,FMCG - Foods
Mirae Asset Nifty 50 ETF,NIFTYETF,Equity
Goodricke Group Ltd,GOODRICKE,Tea & Coffee
Mahamaya Lifesciences Ltd,MAHALIFE,Fertilizers & Agro Chemicals
MOS Utility Ltd,MOS,Online Services
Orient Paper and Industries Ltd,ORIENTPPR,Paper Products
Lancer Container Lines Ltd,LANCER,Logistics
Deepak Builders & Engineers India Ltd,DBEIL,Construction & Engineering
Ginni Filaments Ltd,GINNIFILA,Textiles
Sinclairs Hotels Ltd,SINCLAIR,"Hotels, Resorts & Cruise Lines"
De Nora India Ltd,DENORA,Electrical Components & Equipments
Batliboi Ltd,BATLIBOI,Industrial Machinery
Quantum Gold Fund,QGOLDHALF,Gold
Axis AAA Bond Plus SDL ETF-2026 Matur. Reg. Growth,AXISBPSETF,Equity
UVS Hospitality and Services Ltd,UVS,Restaurants & Cafes
Kesoram Industries Ltd,KESORAMIND,Tires & Rubber
RMC Switchgears Ltd,RMC,Electrical Components & Equipments
Giriraj Civil Developers Ltd,GIRIRAJ,Construction & Engineering
Medicamen Biotech Ltd,MEDICAMEQ,Pharmaceuticals
Bedmutha Industries Ltd,BEDMUTHA,Iron & Steel
Nandani Creation Ltd,JAIPURKURT,Apparel & Accessories
Kavveri Defence & Wireless Technologies Ltd,KAVDEFENCE,Communication & Networking
Solarium Green Energy Ltd,SOLARIUM,Renewable Energy
Shreeji Global FMCG Ltd,SHETHJI,Agro Products
iWare Supplychain Services Ltd,IWARE,Logistics
Alufluoride Ltd,ALUFLUOR,Commodity Chemicals
Indogulf Cropsciences Ltd,IGCL,Fertilizers & Agro Chemicals
Last Mile Enterprises Ltd,LASTMILE,Construction & Engineering
IL&FS Engineering and Construction Company Ltd,IL&FSENGG,Construction & Engineering
Purple United Sales Ltd,PURPLEUTED,Apparel & Accessories
Markolines Pavement Technologies Ltd,MARKOLINES,Roads
Gretex Industries Ltd,GRETEX,Apparel & Accessories
Transworld Shipping Lines Ltd,TRANSWORLD,Logistics
Corporate Merchant Bankers Ltd,CMBL,Investment Banking & Brokerage
Mkventures Capital Ltd,MKVENTURES,Specialized Finance
3i Infotech Ltd,3IINFOLTD,IT Services & Consulting
Digilogic Systems Ltd,DIGILOGIC,Aerospace & Defense Equipments
Beezaasan Explotech Ltd,BEEZAASAN,Textiles
Atal Realtech Ltd,ATALREAL,Construction & Engineering
Nandan Denim Ltd,NDL,Textiles
Anjani Portland Cement Ltd,APCL,Cement
Jinkushal Industries Ltd,JKIPL,Business Support Services
A-1 Ltd,A1L,Commodity Chemicals
Harrisons Malayalam Ltd,HARRMALAYA,Agro Products
DJ Mediaprint & Logistics Ltd,DJML,Logistics
Bai-Kakaji Polymers Ltd,BAIKAKAJI,Plastic Products
Goa Carbon Ltd,GOACARBON,Metals - Coke
Sizemasters Technology Ltd,SIZEMASTER,Animation
Apsis Aerocom Ltd,APSISAERO,Aerospace & Defense Equipments
Delton Cables Ltd,DLTNCBL,Cables
Talbros Engineering Ltd,TALBROSENG,Auto Parts
Property Share Investment Trust,PSPLATINA,Real Estate
Vardhman Acrylics Ltd,VARDHACRLC,Textiles
Rajasthan Securities Ltd,RAJSEC,Gas Distribution
Stovec Industries Ltd,STOVACQ,Industrial Machinery
Andhra Petrochemicals Ltd,ANDHRAPET,Commodity Chemicals
True Colors Ltd,TRUECOLORS,Electronic Equipments
Kaya Ltd,KAYA,Wellness Services
Twamev Construction and Infrastructure Ltd,TICL,Construction & Engineering
Autoline Industries Ltd,AUTOIND,Auto Parts
Ganesh Infraworld Ltd,GANESHIN,Construction & Engineering
Virtual Galaxy Infotech Ltd,VGINFOTECH,Software Services
ICICI Prudential Nifty 100 Low Vol 30 ETF,LOWVOLIETF,Equity
Aptus Pharma Ltd,APPL,Pharmaceuticals
Soma Textiles & Industries Ltd,SOMATEX,Textiles
Creative Graphics Solutions India Ltd,CGRAPHICS,Stationery
Ludlow Jute & Specialities Ltd,LUDLOWJUT,Textiles
Majestic Auto Ltd,MAJESAUT,Auto Parts
Tiger Logistics (India) Ltd,TIGERLOGS,Logistics
Megastar Foods Ltd,MEGASTAR,Packaged Foods & Meats
Aarti Surfactants Ltd,AARTISURF,Specialty Chemicals
Fratelli Vineyards Ltd,FRATELLI,Alcoholic Beverages
Trejhara Solutions Ltd,TREJHARA,IT Services & Consulting
Jay Ushin Ltd,JAYUSH,Auto Parts
Ecoline Exim Ltd,ECOLINE,Packaging
Mizzen Ventures Ltd,MIZVEN,Construction & Engineering
Aerpace Industries Ltd,AERPACE,Renewable Energy
Encompass Design India Ltd,ENCOMPAS,FMCG - Foods
Varvee Global Ltd,VGL,Textiles
Dynamic Services & Security Ltd,DYNAMIC,Employment Services
Ruchira Papers Ltd,RUCHIRA,Paper Products
Bafna Pharmaceuticals Ltd,BAFNAPH,Pharmaceuticals
Balgopal Commercial Ltd,BALGOPAL,Apparel & Accessories
Covance Softsol Ltd,COVANCE,IT Services & Consulting
Onesource Industries and Ventures Ltd,OIVL,Investment Banking & Brokerage
Mold-Tek Technologies Ltd,MOLDTECH,Construction & Engineering
Likhami Consulting Ltd,LIKHAMI,Outsourced services
Sheetal Universal Ltd,SHEETAL,Agro Products
Exato Technologies Ltd,EXATO,Software Services
Cool Caps Industries Ltd,COOLCAPS,Plastic Products
Tracxn Technologies Ltd,TRACXN,IT Services & Consulting
Naperol Investments Ltd,NAPEROL,Specialized Finance
Atlantaa Ltd,ATLANTAA,Construction & Engineering
Tipco Engineering India Ltd,TIPCO,Industrial Machinery
Evexia Lifecare Ltd,EVEXIA,Fertilizers & Agro Chemicals
Bhatia Communications & Retail (India) Ltd,BHATIA,Retail - Speciality
Kings Infra Ventures Ltd,KINGSINFR,Real Estate
Alacrity Securities Ltd,ALSL,Investment Banking & Brokerage
Systango Technologies Ltd,SYSTANGO,IT Services & Consulting
Sayaji Industries Ltd,SAYAJIIND,Agro Products
Artificial Electronics Intelligent Material Ltd,AEIM,Software Services
Fundviser Capital (India) Ltd,FUNDVISER,Construction Materials
Vardhman Polytex Ltd,VARDMNPOLY,Textiles
Bhavik Enterprises Ltd,BHAVIK,Plastic Products
HP Telecom India Ltd,HPTL,Technology Hardware
Ekansh Concepts Ltd,EKANSH,Construction & Engineering
Sayaji Hotels (Indore) Ltd,SHILINDORE,"Hotels, Resorts & Cruise Lines"
Dev Accelerator Ltd,DEVX,Real Estate
Nath Bio-Genes (I) Ltd,NATHBIOGEN,Agro Products
Alphalogic Techsys Ltd,ALPHALOGIC,Software Services
Apollo Sindoori Hotels Ltd,APOLSINHOT,Restaurants & Cafes
Career Point Edutech Ltd,CPEDU,Education Services
Nippon India ETF Nifty PSU Bank BeES,PSUBNKBEES,Equity
Hp Adhesives Ltd,HPAL,Diversified Chemicals
National Peroxide Ltd,NPL,Specialty Chemicals
Riddhi Steel and Tube Ltd,RSTL,Metals - Diversified
Mahindra EPC Irrigation Ltd,MAHEPC,Agricultural & Farm Machinery
Infinium Pharmachem Ltd,INFINIUM,Commodity Chemicals
Muthoot Capital Services Ltd,MUTHOOTCAP,Diversified Financials
Coastal Corporation Ltd,COASTCORP,Packaged Foods & Meats
Modi Rubber Ltd,MODIRUBBER,Tires & Rubber
Polysil Irrigation Systems Ltd,POLYSIL,Water Management
Genus Paper & Boards Ltd,GENUSPAPER,Paper Products
Felix Industries Ltd,FELIX,Water Management
Dcm Shriram Industries Ltd,DCMSRIND,Packaged Foods & Meats
Dynemic Products Ltd,DYNPRO,Commodity Chemicals
Manomay Tex India Ltd,MANOMAY,Textiles
Ashima Ltd,ASHIMASYN,Textiles
Bella Casa Fashion & Retail Ltd,BELLACASA,Textiles
Industrial Investment Trust Ltd,IITL,Asset Management
Mach Travel Solutions Ltd,MACHLTD,Business Support Services
Music Broadcast Ltd,RADIOCITY,Radio
Robust Hotels Ltd,RHL,"Hotels, Resorts & Cruise Lines"
Aelea Commodities Ltd,ACLD,Agro Products
Cospower Engineering Ltd,COSPOWER,Electrical Components & Equipments
Agribio Spirits Ltd,AGRIBIO,Agro Products
VEGA Jewellers Ltd,VEGA,"Precious Metals, Jewellery & Watches"
Dhruva Capital Services Ltd,DHRUVCA,Specialized Finance
Yash Optics & Lens Ltd,YASHOPTICS,Pharmaceuticals
Spencer's Retail Ltd,SPENCERS,Retail - Department Stores
Msafe Equipments Ltd,MSAFE,Building Products - Others
SBI Nifty Bank ETF,SETFNIFBK,Equity
Arham Technologies Ltd,ARHAM,Home Electronics & Appliances
GTV Engineering Ltd,GTV,Construction & Engineering
Nila Infrastructures Ltd,NILAINFRA,Real Estate
Sahaj Solar Ltd,SAHAJSOLAR,Renewable Energy Equipment & Services
Remsons Industries Ltd,REMSONSIND,Auto Parts
Committed Cargo Care Ltd,COMMITTED,Logistics
Sakuma Exports Ltd,SAKUMA,Commodities Trading
Shiv Texchem Ltd,SHIVTEXCHEM,Specialty Chemicals
R & B Denims Ltd,RNBDENIMS,Textiles
Nicco Parks & Resorts Ltd,NICCOPAR,"Hotels, Resorts & Cruise Lines"
Wardwizard Foods and Beverages Ltd,WARDWIZFBL,Packaged Foods & Meats
Annapurna Swadisht Ltd,ANNAPURNA,FMCG - Foods
Essen Speciality Films Ltd,ESFL,Plastic Products
P S Raj Steels Ltd,PSRAJ,Metals - Diversified
Monarch Surveyors & Engineering Consultants Ltd,MSECL,Construction & Engineering
Sahyadri Industries Ltd,SAHYADRI,Cement
Asahi Songwon Colors Ltd,ASAHISONG,Specialty Chemicals
Prime Fresh Ltd,PRIMEFRESH,Agricultural & Farm Machinery
Parmeshwar Metal Ltd,PARMESHWAR,Metals - Copper
RPP Infra Projects Ltd,RPPINFRA,Construction & Engineering
Integra Essentia Ltd,ESSENTIA,Agro Products
B.R.Goyal Infrastructure Ltd,BRGIL,Construction & Engineering
Shemaroo Entertainment Ltd,SHEMAROO,Movies & TV Serials
Cryogenic OGS Ltd,CRYOGENIC,Oil & Gas - Equipment & Services
Logica Infoway Ltd,LOGICA,Retail - Online
Transchem Ltd,TRANSCHEM,Pharmaceuticals
Espire Hospitality Ltd,ESPIRE,"Hotels, Resorts & Cruise Lines"
Dhariwalcorp Ltd,DHARIWAL,Specialty Chemicals
Aprameya Engineering Ltd,APRAMEYA,Health Care Equipment & Supplies
ITCONS e-Solutions Ltd,ITCONS,Employment Services
Avana Electrosystems Ltd,AVANA,Electrical Components & Equipments
Shree Karni Fabcom Ltd,SHREEKARNI,Textiles
Axita Cotton Ltd,AXITA,Textiles
Astal Laboratories Ltd,ASTALLTD,Pharmaceuticals
Mercantile Ventures Ltd,MERCANTILE,Business Support Services
B C C Fuba India Ltd,BCCFUBA,Electronic Equipments
Nidhi Granites Ltd,NIDHGRN,Investment Banking & Brokerage
Hi-Green Carbon Ltd,HIGREEN,Commodity Chemicals
Bombay Oxygen Investments Ltd,BOMOXY-B1,Conglomerates
Narmada Gelatines Ltd,SHAWGELTIN,Specialty Chemicals
Chavda Infra Ltd,CHAVDA,Construction & Engineering
Suraj Products Ltd,SURAJ,Iron & Steel
Trident Techlabs Ltd,TECHLABS,IT Services & Consulting
GSM Foils Ltd,GSMFOILS,Metals - Aluminium
Regency Fincorp Ltd,REGENCY,Specialized Finance
FCS Software Solutions Ltd,FCSSOFT,Software Services
Oneclick Logistics India Ltd,OLIL,Logistics
Exxaro Tiles Ltd,EXXARO,Building Products - Ceramics
Sharp India Ltd,SHARP,Home Electronics & Appliances
PPAP Automotive Ltd,PPAP,Auto Parts
Trident Lifeline Ltd,TLL,Pharmaceuticals
Waaree Technologies Ltd,WAAREE,Specialty Chemicals
Suba Hotels Ltd,SUBAHOTELS,"Hotels, Resorts & Cruise Lines"
Blue Water Logistics Ltd,BLUEWATER,Logistics
Ascom Leasing & Investments Ltd,ASCOM,Consumer Finance
Avonmore Capital & Management Services Ltd,AVONMORE,Investment Banking & Brokerage
Mason Infratech Ltd,MASON,Construction & Engineering
Stellant Securities (India) Ltd,STELLANT,Investment Banking & Brokerage
RBM Infracon Ltd,RBMINFRA,Construction & Engineering
VVIP Infratech Ltd,VVIPIL,Construction & Engineering
Gayatri Rubbers and Chemicals Ltd,GRCL,Tires & Rubber
Grand Continent Hotels Ltd,GCHOTELS,"Hotels, Resorts & Cruise Lines"
DCM Nouvelle Ltd,DCMNVL,Textiles
Savy Infra and Logistics Ltd,SAVY,Construction & Engineering
Atvo Enterprises Ltd,ATVOENT,Apparel & Accessories
CASHurDRIVE Marketing Ltd,CUDML,Advertising
AVG Logistics Ltd,AVG,Logistics
Cords Cable Industries Ltd,CORDSCABLE,Cables
Astonea Labs Ltd,ASTONEALAB,Pharmaceuticals
Silgo Retail Ltd,SILGO,"Precious Metals, Jewellery & Watches"
Baroda Rayon Corporation Ltd,BARODARY,Textiles
iStreet Network Ltd,ISTRNETWK,Retail - Online
UFO Moviez India Ltd,UFO,Movies & TV Serials
Shankara Building Products Ltd,SHANKARA,Building Products - Pipes
Sugs Lloyd Ltd,SUGSLLOYD,Renewable Energy Equipment & Services
Akiko Global Services Ltd,AKIKO,Investment Banking & Brokerage
Shradha Realty Ltd,SHRADHA,Real Estate
Sawaliya Food Products Ltd,SAWALIYA,FMCG - Foods
C K K Retail Mart Ltd,CKKRETAIL,Agro Products
D P Wires Ltd,DPWIRES,Iron & Steel
Brandman Retail Ltd,BRANDMAN,Retail - Speciality
Tierra Agrotech Ltd,TIERRA,Agro Products
U. Y. Fincorp Ltd,UYFINCORP,Diversified Financials
Halder Venture Ltd,HALDER,FMCG - Foods
Phantom Digital Effects Ltd,PHANTOMFX,Animation
Mirae Asset S&P 500 Top 50 ETF,MASPTOP50,Equity
Oil Country Tubular Ltd,OILCOUNTUB,Oil & Gas - Equipment & Services
Om Freight Forwarders Ltd,OMFREIGHT,Logistics
All e Technologies Ltd,ALLETEC,IT Services & Consulting
Pushpa Jewellers Ltd,PUSHPA,"Precious Metals, Jewellery & Watches"
Univastu India Ltd,UNIVASTU,Construction & Engineering
Jainam Ferro Alloys (I) Ltd,JAINAM,Metals - Diversified
Omnitex Industries (India) Ltd,OMNITEX,Commodities Trading
Arihant Academy Ltd,ARIHANTACA,Education Services
LIC MF Gold ETF,LICMFGOLD,Gold
Pelatro Ltd,PELATRO,Advertising
Supershakti Metaliks Ltd,SUPERSHAKT,Iron & Steel
Trishakti Industries Ltd,TRISHAKT,Oil & Gas - Equipment & Services
Indo National Ltd,NIPPOBATRY,Batteries
Menon Pistons Ltd,MENNPIS,Auto Parts
Vikas Lifecare Ltd,VIKASLIFE,Plastic Products
Khemani Distributors & Marketing Ltd,KDML,Commodities Trading
Hampton Sky Realty Ltd,HAMPTON,Real Estate
Cineline India Ltd,CINELINE,Real Estate
Jost's Engineering Company Ltd,JOSTS,Industrial Machinery
Active Infrastructures Ltd,ACTIVEINFR,Construction & Engineering
TechEra Engineering (India) Ltd,TECHERA,Aerospace & Defense Equipments
Sera Investments & Finance India Ltd,SERA,Specialized Finance
Radix Industries (India) Ltd,RADIXIND,FMCG - Personal Products
Gennex Laboratories Ltd,GENNEX,Pharmaceuticals
Chaman Metallics Ltd,CMNL,Iron & Steel
Sundaram Brake Linings Ltd,SUNDRMBRAK,Auto Parts
Zenotech Laboratories Ltd,ZENOTECH,Biotechnology
Hindustan Organic Chemicals Ltd,HOCL,Commodity Chemicals
KCP Sugar and Industries Corp Ltd,KCPSUGIND,Sugar
Asian Hotels (East) Ltd,AHLEAST,"Hotels, Resorts & Cruise Lines"
Nitin Castings Ltd,NITINCAST,Metals - Iron
Emerald Leisures Ltd,EMERALL,Wellness Services
SKP Bearing Industries Ltd,SKP,Industrial Machinery
DU Digital Global Ltd,DUGLOBAL,IT Services & Consulting
Krishca Strapping Solutions Ltd,KRISHCA,Iron & Steel
Starteck Finance Ltd,STARTECK,Diversified Financials
Spunweb Nonwoven Ltd,SPUNWEB,Building Products - Others
Quest Capital Markets Ltd,QUESTCAP,Investment Banking & Brokerage
HCP Plastene Bulkpack Ltd,HPBL,Packaging
Sat Kartar Life Ltd,SATKARTAR,FMCG - Personal Products
Poddar Pigments Ltd,PODDARMENT,Specialty Chemicals
United Nilgiri Tea Estates Company Ltd,UNITEDTEA,Tea & Coffee
Ponni Sugars (Erode) Ltd,PONNIERODE,Sugar
Kaycee Industries Ltd,KAYCEEI,Electrical Components & Equipments
Transteel Seating Technologies Ltd,TRANSTEEL,Business Support Services
Hi-Klass Trading and Investment Ltd,HIKLASS,Investment Banking & Brokerage
Indian Toners & Developers Ltd,INDTONER,Commodity Chemicals
Shankar Lal Rampal Dye-Chem Ltd,SRD,Specialty Chemicals
RDB Rasayans Ltd,RDBRL,Packaging
BPL Ltd,BPL,Home Electronics & Appliances
Tulive Developers Ltd,TULIVE,Real Estate
HOAC Foods India Ltd,HOACFOODS,FMCG - Foods
TRF Ltd,TRF,Industrial Machinery
Frog Innovations Ltd,FROG,Electronic Equipments
Shalibhadra Finance Ltd,SAHLIBHFI,Consumer Finance
D & H India Ltd,DHINDIA,Industrial Machinery
A2z Infra Engineering Ltd,A2ZINFRA,Construction & Engineering
Super Sales India Ltd,SUPER,Conglomerates
IL&FS Investment Managers Ltd,IVC,Asset Management
Integrated Proteins Ltd,INTEGFD,Packaged Foods & Meats
Goldkart Jewels Ltd,GOLDKART,"Precious Metals, Jewellery & Watches"
Shri Keshav Cements and Infra Ltd,SKCIL,Cement
India Gelatine & Chemicals Ltd,INDGELA,Commodity Chemicals
Vaarad Ventures Ltd,VAARAD,Conglomerates
CL Educate Ltd,CLEDUCATE,Education Services
International Travel House Ltd,ITHL,"Hotels, Resorts & Cruise Lines"
Voler Car Ltd,VOLERCAR,Logistics
Naga Dhunseri Group Ltd,NDGL,Investment Banking & Brokerage
Brand Concepts Ltd,BCONCEPTS,Retail - Department Stores
Shardul Securities Ltd,SHARDUL,Investment Banking & Brokerage
United Van Der Horst Ltd,UVDRHOR,Industrial Machinery
Diamines and Chemicals Ltd,DIAMINESQ,Commodity Chemicals
Ambalal Sarabhai Enterprises Ltd,AMBALALSA,Pharmaceuticals
ACS Technologies Ltd,ACSTECH,Software Services
P H Capital Ltd,PHCAP,Investment Banking & Brokerage
Aveer Foods Ltd,AVEER,FMCG - Foods
Reliance Communications Ltd,RCOM,Telecom Services
Paradeep Parivahan Ltd,PPARIVAH,Logistics
Apex Ecotech Ltd,APEXECO,Environmental Services
Surana Telecom and Power Ltd,SURANAT&P,Cables
Clear Secured Services Ltd,CSSL,Business Support Services
Aaron Industries Ltd,AARON,Heavy Electrical Equipments
Quest Flow Controls Ltd,MESON,Industrial Machinery
Innovators Facade Systems Ltd,INNOVATORS,Construction & Engineering
Madhav Infra Projects Ltd,MADHAVIPL,Construction & Engineering
K M Sugar Mills Ltd,KMSUGAR,Sugar
Taurian MPS Ltd,TAURIAN,Industrial Machinery
Spice Islands Industries Ltd,SPICEISLIN,"Hotels, Resorts & Cruise Lines"
Ahmedabad Steel Craft Ltd,AHMDSTE,Commodities Trading
Organic Recycling Systems Ltd,ORGANICREC,Construction & Engineering
Sayaji Hotels (Pune) Ltd,SHPLPUNE,"Hotels, Resorts & Cruise Lines"
Geekay Wires Ltd,GEEKAYWIRE,Iron & Steel
Globe Civil Projects Ltd,GLOBECIVIL,Construction & Engineering
Peria Karamalai Tea and Produce Company Ltd,PKTEA,Tea & Coffee
PG Foils Ltd,PGFOILQ,Packaging
Visaman Global Sales Ltd,VISAMAN,Iron & Steel
EKI Energy Services Ltd,EKI,Environmental Services
Everest Organics Ltd,EVERESTO,Pharmaceuticals
Shree Ajit Pulp and Paper Ltd,SAPPL,Paper Products
Maral Overseas Ltd,MARALOVER,Textiles
E Factor Experiences Ltd,EFACTOR,Advertising
GRE Renew Enertech Ltd,GRERENEW,Renewable Energy
Nova Agritech Ltd,NOVAAGRI,Fertilizers & Agro Chemicals
ICICI Prudential Nifty Next 50 ETF,NEXT50IETF,Equity
Remi Edelstahl Tubulars Ltd,REMIEDEL,Iron & Steel
Nilachal Carbo Metalicks Ltd,NCML,Metals - Coke
S V Global Mill Ltd,SVGLOBAL,Real Estate
Destiny Logistics & Infra Ltd,DESTINY,Logistics
Kaka Industries Ltd,KAKA,Building Products - Glass
Jay Shree Tea and Industries Ltd,JAYSREETEA,Tea & Coffee
Shree Tirupati Balajee Agro Trading Company Ltd,BALAJEE,Agro Products
ELGI Rubber Co Ltd,ELGIRUBCO,Tires & Rubber
AdCounty Media India Ltd,ADCOUNTY,Advertising
Pratham EPC Projects Ltd,PRATHAM,Construction & Engineering
Propshare Celestia,PSCELESTIA,Real Estate
Madhusudan Masala Ltd,MADHUSUDAN,Packaged Foods & Meats
Suyog Gurbaxani Funicular Ropeways Ltd,SGFRL,Construction & Engineering
C P S Shapers Ltd,CPS,Retail - Apparel
Jasch Gauging Technologies Ltd,JGTL,Industrial Machinery
Aplab Ltd,APLAB,Electronic Equipments
Birla Precision Technologies Ltd,BIRLAPREC,Industrial Machinery
Wise Travel India Ltd,WTICAB,Tour & Travel Services
Mahickra Chemicals Ltd,MAHICKRA,Specialty Chemicals
VETO Switch Gears And Cables Ltd,VETO,Electrical Components & Equipments
Dhanashree Electronics Ltd,DEL,Electrical Components & Equipments
Thaai Casting Limited,TCL,Auto Parts
Pavna Industries Ltd,PAVNAIND,Auto Parts
Global Vectra Helicorp Ltd,GLOBALVECT,Airlines
Saraswati Saree Depot Ltd,SSDL,Retail - Apparel
Multibase India Ltd,MULTIBASE,Specialty Chemicals
Nectar Lifesciences Ltd,NECLIFE,Pharmaceuticals
BharatRohan Airborne Innovations Ltd,BHARATROHAN,Agricultural & Farm Machinery
Balaji Phosphates Ltd,BALAJIPHOS,Fertilizers & Agro Chemicals
Kerala Ayurveda Ltd,KERALAYUR,Pharmaceuticals
Syschem (India) Ltd,SYSCHEM,Pharmaceuticals
Manaksia Aluminium Co Ltd,MANAKALUCO,Metals - Aluminium
Goldstar Power Ltd,GOLDSTAR,Batteries
RRP Electronics India Ltd,INLCM,Commodities Trading
Nippon India ETF Nifty SDL Apr 2026 Top 20 Eq.Wgt.,SDL26BEES,Debt
Global Ocean Logistics India Ltd,GLOBALLOG,Logistics
Global Surfaces Ltd,GSLSU,Building Products - Ceramics
Competent Automobiles Company Ltd,COMPEAU,Retail - Speciality
Veer Global Infraconstruction Ltd,VGIL,Construction & Engineering
NTC Industries Ltd,NTCIND,FMCG - Tobacco
Finbud Financial Services Ltd,FINBUD,Consumer Finance
VMS TMT Ltd,VMSTMT,Building Products - Others
AVIO Smart Market Stack Ltd,ASMS,Payment Infrastructure
VIP Clothing Ltd,VIPCLOTHNG,Apparel & Accessories
Zee Learn Ltd,ZEELEARN,Education Services
Sonam Ltd,SONAMLTD,"Precious Metals, Jewellery & Watches"
Alankit Ltd,ALANKIT,Investment Banking & Brokerage
Almondz Global Securities Ltd,ALMONDZ,Investment Banking & Brokerage
Panasonic Carbon India Co Ltd,PANCARBON,Batteries
Coromandel Engineering Company Ltd,COROENGG,Construction & Engineering
Shivam Autotech Ltd,SHIVAMAUTO,Auto Parts
Marble City India Ltd,MARBLE,Building Products - Others
Generic Engineering Construction and Projects Ltd,GENCON,Construction & Engineering
Magson Retail and Distribution Ltd,MAGSON,FMCG - Foods
Aeroflex Neu Ltd,AERONEU,Packaging
Current Infraprojects Ltd,CURRENT,Construction & Engineering
Revathi Equipment India ltd,RVTH,Industrial Machinery
Vikas Ecotech Ltd,VIKASECO,Specialty Chemicals
Nureca Ltd,NURECA,Pharmaceuticals
Pritika Auto Industries Ltd,PRITIKAUTO,Auto Parts
Sicagen India Ltd,SICAGEN,Building Products - Pipes
Interiors & More Ltd,INM,Plastic Products
Lotus Eye Hospital and Institute Ltd,LOTUSEYE,Hospitals & Diagnostic Centres
P.E. Analytics Ltd,PROPEQUITY,Real Estate
B A G Convergence Ltd,BAGDIGITAL,TV Channels & Broadcasters
Team India Guaranty Ltd,TEAMGTY,Specialized Finance
Lloyds Luxuries Ltd,LLOYDS,Wellness Services
Aion-Tech Solutions Ltd,GOLDTECH,IT Services & Consulting
Emmforce Autotech Ltd,EMMFORCE,Auto Parts
Intense Technologies Ltd,INTENTECH,IT Services & Consulting
Kartik Investments Trust Ltd,KARTKIN,Diversified Financials
Ravinder Heights Ltd,RVHL,Real Estate
Fidel Softech Ltd,FIDEL,IT Services & Consulting
Scan Steels Ltd,SCANSTL,Iron & Steel
Macobs Technologies Ltd,MACOBSTECH,Wellness Services
Active Clothing Co Ltd,ACTIVE,Textiles
Samor Reality Ltd,SAMOR,Real Estate
Nagarjuna Fertilizers & Chemicals Ltd,NAGAFERT,Fertilizers & Agro Chemicals
Indag Rubber Ltd,INDAG,Auto Parts
Shivashrit Foods Ltd,SHIVASHRIT,FMCG - Foods
Novus Loyalty Ltd,NOVUS,Advertising
Indian Wood Products Co Ltd,IWP,Wood Products
Kalyani Forge Ltd,KALYANIFRG,Iron & Steel
Gamco Ltd,GAMCO,Specialized Finance
Diksat Transworld Ltd,DIKSAT,TV Channels & Broadcasters
ASI Industries Ltd,ASIIL,Mining - Diversified
Bimetal Bearings Ltd,BIMETAL,Industrial Machinery
Vibhor Steel Tubes Ltd,VSTL,Iron & Steel
Bhilwara Technical Textiles Ltd,BTTL,Textiles
UCAL Ltd,UCAL,Auto Parts
SPEB Adhesives Ltd,SPEB,Specialty Chemicals
Chandrima Mercantiles Ltd,CHANDRIMA,"Precious Metals, Jewellery & Watches"
Swadeshi Industries and Leasing Ltd,SWADEIN,Plastic Products
MK Exim (India) Ltd,MKEXIM,Textiles
Exim Routes Ltd,EXIMROUTES,Commodities Trading
Osiajee Texfab Ltd,OSIAJEE,Textiles
Star Paper Mills Ltd,STARPAPER,Paper Products
Atishay Ltd,ATISHAY,Outsourced services
Rudra Ecovation Ltd,RUDRAECO,Textiles
Ushanti Colour Chem Ltd,UCL,Specialty Chemicals
Panasonic Energy India Co Ltd,PANAENERG,Batteries
SAB Industries Ltd,SAB,Conglomerates
Ace Alpha Tech Ltd,ACEALPHA,Software Services
Chembond Material Technologies Ltd,CHEMBOND,Specialty Chemicals
Invesco India Gold Exchange Traded Fund,IVZINGOLD,Gold
HIM Teknoforge Ltd,HIMTEK,Auto Parts
Jainik Power Cables Ltd,JAINIK,Cables
Aarey Drugs and Pharmaceuticals Ltd,AAREYDRUGS,Pharmaceuticals
Mother Nutri Foods Ltd,MNFL,FMCG - Foods
DRC Systems India Ltd,DRCSYSTEMS,Advertising
Setco Automotive Ltd,SETCO,Auto Parts
Ashwini Container Movers Ltd,ASHWINI,Logistics
DCM Shriram Fine Chemicals Ltd,DSFCL,Specialty Chemicals
Sakthi Sugars Ltd,SAKHTISUG,Sugar
Sumit Woods Ltd,SUMIT,Real Estate
Kataria Industries Ltd,KATARIA,Construction & Engineering
Stratmont Industries Ltd,STRATMONT,Commodities Trading
Airan Ltd,AIRAN,IT Services & Consulting
Neelamalai Agro Industries Ltd,NEAGI,Tea & Coffee
Country Club Hospitality & Holidays Ltd,CCHHL,"Hotels, Resorts & Cruise Lines"
Graviss Hospitality Ltd,GRAVISSHO,"Hotels, Resorts & Cruise Lines"
Owais Metal and Mineral Processing Ltd,OWAIS,Metals - Diversified
Alfred Herbert (India) Ltd,ALFREDHE,Industrial Machinery
Capital Trade Links Ltd,CTL,Consumer Finance
TeamTech Formwork Solutions Ltd,TEAMTECH,
Patel Chem Specialities Ltd,PATELCHEM,Specialty Chemicals
Recode Studios Ltd,RECODE,FMCG - Personal Products
Plaza Wires Ltd,PLAZACABLE,Industrial Machinery
Precision Electronics Ltd,PRECISIO,Communication & Networking
Power and Instrumentation (Gujarat) Ltd,PIGL,Power Infrastructure
Cosmo Ferrites Ltd,COSMOFE,Electrical Components & Equipments
Cupid Breweries and Distilleries Ltd,CUPIDTR,Alcoholic Beverages
Zodiac Clothing Company Ltd,ZODIACLOTH,Apparel & Accessories
Anya Polytech & Fertilizers Ltd,ANYA,Fertilizers & Agro Chemicals
Lyka Labs Ltd,LYKALABS,Pharmaceuticals
Acetech E-Commerce Ltd,ACETEC,Retail - Online
Surani Steel Tubes Ltd,SURANI,Building Products - Pipes
Rossell India Ltd,ROSSELLIND,Tea & Coffee
SBEC Sugar Ltd,SBECSUG,Sugar
Agarwal Toughened Glass India Ltd,AGARWALTUF,Building Products - Glass
S V J Enterprises Ltd,SVJ,Packaging
HBG Hotels Ltd,HBGHOTELS,"Hotels, Resorts & Cruise Lines"
Emerald Finance Ltd,EMERALD,Consumer Finance
GP Petroleums Ltd,GULFPETRO,Commodity Chemicals
JAYBEE Laminations Ltd,JAYBEE,Electrical Components & Equipments
Kothari Sugars and Chemicals Ltd,KOTARISUG,Sugar
Vegorama Punjabi Angithi Ltd,VPAL,Restaurants & Cafes
Hannah Joseph Hospital Ltd,HANNAH,Hospitals & Diagnostic Centres
Pro Fin Capital Services Ltd,PROFINC,Investment Banking & Brokerage
Worth Peripherals Ltd,WORTHPERI,Packaging
Affordable Robotic & Automation Ltd,AFFORDABLE,Software Services
Admach Systems Ltd,ADMACH,Industrial Machinery
Cochin Minerals and Rutile Ltd,COCHINM,Diversified Chemicals
BDH Industries Ltd,BDH,Pharmaceuticals
Spacenet Enterprises India Ltd,SPCENET,Online Services
Vijay Solvex Ltd,VIJSOLX,Agro Products
Sintercom India Ltd,SINTERCOM,Industrial Machinery
Rainbow Foundations Ltd,RAINBOWF,Real Estate
Shree Krishna Paper Mills & Industries Ltd,SKPMIL,Paper Products
Ramdevbaba Solvent Ltd,RBS,FMCG - Household Products
Virinchi Ltd,VIRINCHI,Software Services
Jullundur Motor Agency (Delhi) Ltd,JMA,Auto Parts
Avance Technologies Ltd,AVANCE,IT Services & Consulting
Shreyans Industries Ltd,SHREYANIND,Paper Products
Wardwizard Innovations & Mobility Ltd,WARDINMOBI,Two Wheelers
Nitiraj Engineers Ltd,NITIRAJ,Electronic Equipments
Bannari Amman Spinning Mills Ltd,BASML,Textiles
Northern Spirits Ltd,NSL,FMCG - Foods
Delphi World Money Ltd,DELPHIFX,Consumer Finance
Prime Cable Industries Ltd,PRIMECAB,Cables
Brooks Laboratories Ltd,BROOKS,Labs & Life Sciences Services
Lexora Global Ltd,YASTF,Investment Banking & Brokerage
Infinity Infoway Ltd,INFINITY,Software Services
Race Eco Chain Ltd,RACE,Textiles
Mitsu Chem Plast Ltd,MITSU,Commodity Chemicals
Vaidya Sane Ayurved Laboratories Ltd,MADHAVBAUG,Labs & Life Sciences Services
Indo Us Bio-Tech Ltd,INDOUS,Agro Products
Dhara Rail Projects Ltd,DHARARAIL,Rail
Shahlon Silk Industries Ltd,SHAHLON,Textiles
Pil Italica Lifestyle Ltd,PILITA,Home Furnishing
Crescentis Capital Ltd,CRESCENTIS,Specialized Finance
Gillanders Arbuthnot & Co Ltd,GILLANDERS,Conglomerates
Capitalnumbers Infotech Ltd,CNINFOTECH,IT Services & Consulting
Goyal Salt Ltd,GOYALSALT,Commodity Chemicals
Aarvi Encon Ltd,AARVI,Outsourced services
Suryalata Spinning Mills Ltd,SURYALA,Textiles
Optivalue Tek Consulting Ltd,OPTIVALUE,IT Services & Consulting
Winsome Textile Industries Ltd,WINSOMTX,Textiles
EMA Partners India Ltd,EMAPARTNER,Employment Services
Simmonds Marshall Ltd,SIMMOND,Industrial Machinery
Comfort Intech Ltd,COMFINTE,Alcoholic Beverages
Waterbase Ltd,WATERBASE,Packaged Foods & Meats
Mahalaxmi Rubtech Ltd,MHLXMIRU,Textiles
Aviva Industries Ltd,AVIVA,Building Products - Glass
Filatex Fashions Ltd,FILATFASH,Apparel & Accessories
Murudeshwar Ceramics Ltd,MURUDCERA,Building Products - Ceramics
Aspinwall and Company Ltd,ASPINWALL,Tea & Coffee
Trade Wings Ltd,TRADWIN,Tour & Travel Services
Shiva Texyarn Ltd,SHIVATEX,Textiles
Emergent Industrial Solutions Ltd,EMERGENT,Commodities Trading
Rana Sugars Ltd,RANASUG,Sugar
Gourmet Gateway India Ltd,GOURMET,Business Support Services
Accretion Nutraveda Ltd,ANL,Pharmaceuticals
RRIL Ltd,RRIL,Textiles
CDG Petchem Ltd,CDG,Plastic Products
Byke Hospitality Ltd,BYKE,"Hotels, Resorts & Cruise Lines"
T T Ltd,TTL,Textiles
Quint Digital Ltd,QUINT,Online Services
Speciality Medicines Ltd,SPML,Pharmaceuticals
Game Changers Texfab Ltd,TRADEUNO,Apparel & Accessories
GTT Data Solutions Ltd,GTTDATA,Software Services
Nikita Greentech Recycling Ltd,NIKITA,Paper Products
Sangam Finserv Ltd,SANGAMFIN,Specialized Finance
Landmarc Leisure Corporation Ltd,LANDMARC,"Hotels, Resorts & Cruise Lines"
Aditya Birla Sun Life Nifty Next 50 ETF,ABSLNN50ET,Equity
Lakshmi Electrical Control Systems Ltd,LAKSELEC,Electrical Components & Equipments
M K Proteins Ltd,MKPL,FMCG - Household Products
Suraj Industries Ltd,SURJIND,Packaged Foods & Meats
Star Delta Transformers Ltd,STARDELTA,Heavy Electrical Equipments
Nagpur Power and Industries Ltd,NAGPI,Mining - Manganese
Savera Industries Ltd,SAVERA,"Hotels, Resorts & Cruise Lines"
Rikhav Securities Ltd,RIKHAV,Investment Banking & Brokerage
Brady And Morris Engineering Co Ltd,BRADYM,Industrial Machinery
HVAX Technologies Ltd,HVAX,Pharmaceuticals
Equippp Social Impact Technologies Ltd,EQUIPPP,IT Services & Consulting
De Neers Tools Ltd,DENEERS,Industrial Machinery
Tainwala Chemicals and Plastics (India) Ltd,TAINWALCHM,Plastic Products
Khadim India Ltd,KHADIM,Footwear
Silkflex Polymers (India) Ltd,SILKFLEX,Specialty Chemicals
Oxygenta Pharmaceutical Ltd,OXYGENTAPH,Pharmaceuticals
Forcas Studio Ltd,FORCAS,Apparel & Accessories
Rudra Global Infra Products Ltd,RUDRA,Iron & Steel
7Seas Entertainment Ltd,7SEASL,Online Services
Vaswani Industries Ltd,VASWANI,Iron & Steel
Sanjivani Paranteral Ltd,SANJIVIN,Pharmaceuticals
Pramara Promotions Ltd,PRAMARA,Advertising
Methodhub Software Ltd,METHODHUB,Software Services
Golden Crest Education & Services Ltd,GOLDENCREST,Education Services
Coral Laboratories Ltd,CORALAB,Pharmaceuticals
Trigyn Technologies Ltd,TRIGYN,IT Services & Consulting
IVP Ltd,IVP,Commodity Chemicals
Jattashankar Industries Ltd,JATTAINDUS,Textiles
Sadhav Shipping Ltd,SADHAV,Business Support Services
Pervasive Commodities Ltd,PERVASIVE,Electrical Components & Equipments
Abans Enterprises Ltd,ABANSENT,Commodities Trading
Shivalic Power Control Ltd,SPCL,Electrical Components & Equipments
Jaysynth Orgochem Ltd,JAYSYNTH,Specialty Chemicals
Credent Global Finance Ltd,CGFL,Asset Management
Justo Realfintech Ltd,JUSTO,Real Estate
Supreme Holdings and Hospitality India Ltd,SUPREME,Real Estate
South India Paper Mills Ltd,STHINPA,Paper Products
Lancor Holdings Ltd,LANCORHOL,Real Estate
Sikko Industries Ltd,SIKKO,Fertilizers & Agro Chemicals
Kotak S&P BSE Sensex ETF,SENSEX1,Equity
Eleganz Interiors Ltd,ELGNZ,Construction & Engineering
Global Pet Industries Ltd,GLOBALPET,Industrial Machinery
Flywings Simulator Training Centre Ltd,FWSTC,Airlines
Desco Infratech Ltd,DESCO,Construction & Engineering
Parshva Enterprises Ltd,PARSHVA,"Precious Metals, Jewellery & Watches"
Akanksha Power and Infrastructure Ltd,AKANKSHA,Electronic Equipments
Ducol Organics & Colours Ltd,DUCOL,Commodity Chemicals
LOYAL EQUIPMENTS Ltd,LOYAL,Industrial Machinery
Dcm Ltd,DCM,Conglomerates
VijayPD Ceutical Ltd,VIJAYPD,Pharmaceuticals
Aashka Hospitals Ltd,AASHKA,Health Care Equipment & Supplies
DSM Fresh Foods Ltd,ZAPPFRESH,Packaged Foods & Meats
CP Capital Ltd,CPCAP,Education Services
Dai Ichi Karkaria Ltd,DAICHI,Specialty Chemicals
Galaxy Bearings Ltd,GALXBRG,Heavy Machinery
Arvee Laboratories (India) Ltd,ARVEE,Specialty Chemicals
Kanchi Karpooram Ltd,KANCHI,Commodity Chemicals
Mini Diamonds (India) Ltd,MINID,"Precious Metals, Jewellery & Watches"
Ovobel Foods Ltd,OVOBELE,Packaged Foods & Meats
N R Vandana Tex Industries Ltd,NRVANDANA,Textiles
Maheshwari Logistics Ltd,MAHESHWARI,Logistics
CHL Ltd,CHLLTD,"Hotels, Resorts & Cruise Lines"
Rajputana Industries Ltd,RAJINDLTD,Metals - Copper
Shradha AI Technologies Ltd,SHRAAITECH,IT Services & Consulting
Baroda Extrusion Ltd,BAROEXT,Industrial Machinery
Nanta Tech Ltd,NANTA,Electronic Equipments
Laxmipati Engineering Works Ltd,LAXMIPATI,Construction & Engineering
Bharat Gears Ltd,BHARATGEAR,Auto Parts
Integrated Personnel Services Ltd,IPSL,Employment Services
Tamboli Industries Ltd,TAMBOLIIN,Industrial Machinery
OK Play India Ltd,OKPLA,Industrial Machinery
earKART Ltd,EARKART,Health Care Equipment & Supplies
Golkunda Diamonds and Jewellery Ltd,GOLKUNDIA,"Precious Metals, Jewellery & Watches"
Inflame Appliances Ltd,INFLAME,Housewares
Niraj Cement Structurals Ltd,NIRAJ,Construction & Engineering
AVP Infracon Ltd,AVPINFRA,Construction & Engineering
Abate AS Industries Ltd,ABATEAS,Health Care Equipment & Supplies
Kamdhenu Ventures Ltd,KAMOPAINTS,Commodity Chemicals
Infollion Research Services Ltd,INFOLLION,Business Support Services
United Heat Transfer Ltd,UHTL,Heavy Electrical Equipments
DRS Dilip Roadlines Ltd,DRSDILIP,Logistics
Safety Controls & Devices Ltd,SCDL,Power Infrastructure
Bharat Agri Fert & Realty Ltd,BHARATAGRI,Commodity Chemicals
Milkfood Ltd,MLKFOOD,FMCG - Foods
Ajanta Soya Ltd,AJANTSOY,Agro Products
Neochem Bio Solutions Ltd,NEOCHEM,Specialty Chemicals
Supra Pacific Financial Services Ltd,SUPRAPFSL,Specialized Finance
Shri Techtex Ltd,SHRITECH,Textiles
Jhaveri Credits and Capital Ltd,JHACC,Investment Banking & Brokerage
Patels Airtemp (India) Ltd,PATELSAI,Industrial Machinery
HB Estate Developers Ltd,HBESD,Real Estate
Simca Advertising Ltd,SIMCA,Advertising
Royal Arc Electrodes Ltd,ROYALARC,Cables
Eyantra Ventures Ltd,EY,Business Support Services
Pritika Engineering Components Ltd,PRITIKA,Industrial Machinery
Ishan Dyes and Chemicals Ltd,ISHANCH,Specialty Chemicals
Modern Threads (India) Ltd,MODTHREAD,Textiles
Parsvnath Developers Ltd,PARSVNATH,Real Estate
Dolfin Rubbers Ltd,DOLFIN,Auto Parts
Ausom Enterprise Ltd,AUSOMENT,Commodities Trading
Bambino Agro Industries Ltd,BAMBINO,FMCG - Foods
Shree Ram Twistex Ltd,SRTL,Textiles
Chatha Foods Ltd,CHATHA,Packaged Foods & Meats
M Tek Copper Ltd,MCL,Metals - Copper
Indian Terrain Fashions Ltd,INDTERRAIN,Apparel & Accessories
Super House Ltd,SUPERHOUSE,Footwear
MITCON Consultancy & Engineering Services Ltd,MITCON,Education Services
Alpine Housing Development Corporation Ltd,ALPINEHOU,Real Estate
Natural Capsules Ltd,NATCAPSUQ,Pharmaceuticals
Auro Laboratories Ltd,AUROLAB,Pharmaceuticals
Shivam Chemicals Ltd,SHIVAM,Agricultural & Farm Machinery
Spectrum Talent Management Ltd,SPECTSTM,Employment Services
Shri Dinesh Mills Ltd,SHRIDINE,Textiles
Alphalogic Industries Ltd,ALPHAIND,Education Services
Grover Jewells Ltd,GJL,"Precious Metals, Jewellery & Watches"
Chemkart India Ltd,CHEMKART,Specialty Chemicals
Quest Laboratories Ltd,QUESTLAB,Pharmaceuticals
Ameenji Rubber Ltd,AMEENJI,Tires & Rubber
Empower India Ltd,EMPOWER,Online Services
Shree Salasar Investments Ltd,SALSAIN,Investment Banking & Brokerage
Durlax Top Surface Ltd,DURLAX,Building Products - Ceramics
Rex Pipes and Cables Industries Ltd,REXPIPES,Building Products - Pipes
QMS Medical Allied Services Ltd,QMSMEDI,Hospitals & Diagnostic Centres
EPW India Ltd,EPWINDIA,Electronic Equipments
Kritika Wires Ltd,KRITIKA,Iron & Steel
Bharat Road Network Ltd,BRNL,Roads
Kesar Petroproducts Ltd,KESARPE,Commodity Chemicals
KPT Industries Ltd,KPT,Industrial Machinery
Esconet Technologies Ltd,ESCONET,IT Services & Consulting
Ecoboard Industries Ltd,ECOBOAR,Building Products - Laminates
Tunwal E-Motors Ltd,TUNWAL,Two Wheelers
Bansal Roofing Products Ltd,BRPL,Building Products - Glass
Umiya Buildcon Ltd,UMIYA-MRO,Real Estate
Rathi Steel and Power Ltd,RATHIST,Iron & Steel
Emmbi Industries Ltd,EMMBI,Packaging
DEV Information Technology Ltd,DEVIT,IT Services & Consulting
Incredible Industries Ltd,INCREDIBLE,Iron & Steel
Tips Films Ltd,TIPSFILMS,Movies & TV Serials
HDFC BSE Sensex ETF,HDFCSENSEX,Equity
Baid Finserv Ltd,BAIDFIN,Consumer Finance
ACE Software Exports Ltd,ACESOFT,Software Services
Manas Properties Ltd,MANAS,Real Estate
Ecoplast Ltd,ECOPLAST,Commodity Chemicals
Esprit Stones Ltd,ESPRIT,Construction & Engineering
Panchsheel Organics Ltd,PANCHSHEEL,Pharmaceuticals
Sadbhav Engineering Ltd,SADBHAV,Construction & Engineering
K V Toys India Ltd,KVTOYS,Building Products - Glass
SC Agrotech Ltd,SCAGRO,Agro Products
S D Retail Ltd,SDREAMS,Retail - Apparel
East India Drums and Barrels Manufacturing Ltd,EASTINDIA,Packaging
Indian Phosphate Ltd,IPHL,Commodity Chemicals
Tilak Ventures Ltd,TILAK,Diversified Financials
Paul Merchants Ltd,PML,Tour & Travel Services
Gujarat Inject Kerala Ltd,GUJINJEC,Diversified Chemicals
Jay Jalaram Technologies Ltd,KORE,Electrical Components & Equipments
Worth Investment & Trading Co Ltd,WORTH,Specialized Finance
Hindustan Adhesives Ltd,HINDADH,Packaging
Metroglobal Ltd,METROGLOBL,Commodities Trading
Munish Forge Ltd,MUNISH,Auto Parts
AVI Polymers Ltd,AVI,Commodities Trading
Shubhshree Biofuels Energy Ltd,SHUBHSHREE,Renewable Energy
Emerald Tyre Manufacturers Ltd,ETML,Tires & Rubber
Krishanveer Forge Ltd,KVFORGE,Metals - Diversified
Fractal Industries Ltd,FIL,Conglomerates
Available Finance Ltd,AVAILFC,Specialized Finance
ATV Projects India Ltd,ATVPR,Industrial Machinery
Digicontent Ltd,DGCONTENT,Online Services
Candour Techtex Ltd,CANDOUR,Textiles
Avi Ansh Textile Ltd,AVIANSH,Textiles
Kanishk Steel Industries Ltd,KANSHST,Iron & Steel
Indowind Energy Ltd (chennai),INDOWIND,Renewable Energy
Rama Vision Ltd,RAMAVISION,FMCG - Personal Products
Avatar Industries Ltd,AVATAR,Auto Parts
CAPTAIN PIPES Ltd,CAPPIPES,Building Products - Others
GLEN Industries Ltd,GLEN,Packaging
Iconik Sports and Events Ltd,ICONIKSPEV,IT Services & Consulting
Kimia Biosciences Ltd,KIMIABL,Pharmaceuticals
DHP India Ltd,DHPIND,Industrial Machinery
Bhagwati Autocast Ltd,BGWTATO,Iron & Steel
Rajputana Biodiesel Ltd,RAJPUTANA,Oil & Gas - Refining & Marketing
Century Extrusions Ltd,CENTEXT,Metals - Aluminium
Zeal Aqua Ltd,ZEAL,Packaged Foods & Meats
Shri Bajrang Alliance Ltd,SHBAJRG,Iron & Steel
Shigan Quantum Technologies Ltd,SHIGAN,Auto Parts
Mega Flex Plastics Ltd,MEGAFLEX,Packaging
Archidply Industries Ltd,ARCHIDPLY,Wood Products
Salona Cotspin Ltd,SALONA,Textiles
Aksharchem (India) Ltd,AKSHARCHEM,Specialty Chemicals
LGB Forge Ltd,LGBFORGE,Auto Parts
Jeevan Scientific Technology Ltd,JSTL,Labs & Life Sciences Services
Smartlink Holdings Ltd,SMARTLINK,Communication & Networking
Jasch Industries Ltd,JASCH,Textiles
North Eastern Carrying Corporation Ltd,NECCLTD,Logistics
Motilal Oswal Nifty Midcap 100 ETF,MOM100,Equity
Beacon Trusteeship Ltd,BEACON,Diversified Financials
Sonal Mercantile Ltd,SONAL,Diversified Financials
APT Packaging Ltd,APTPACK,Plastic Products
Machino Plastics Ltd,MACPLASQ,Auto Parts
Resonance Specialties Ltd,RESONANCE,Specialty Chemicals
B D Industries (Pune) Ltd,BDI,Plastic Products
CCME Global Ltd,CCME,Biotechnology
Kotak Nifty PSU Bank ETF,PSUBANK,Equity
PRO FX Tech Ltd,PROFX,Electronic Equipments
Nagarjuna Agri Tech Ltd,NAGTECH,Agro Products
AMJ Land Holdings Ltd,AMJLAND,Real Estate
JK Agri Genetics Ltd,JK AGRI,Seeds
IP Rings Ltd,IPRINGLTD,Auto Parts
Enfuse Solutions Ltd,ENFUSE,IT Services & Consulting
Envirotech Systems Ltd,ENVIRO,Electronic Equipments
Aayush Wellness Ltd,AAYUSH,Wellness Services
Prajay Engineers Syndicate Ltd,PRAENG,Construction & Engineering
California Software Company Ltd,CALSOFT,IT Services & Consulting
Karbonsteel Engineering Ltd,KARBON,Construction & Engineering
Accretion Pharmaceuticals Ltd,ACCPL,Pharmaceuticals
LKP Securities Ltd,LKPSEC,Diversified Financials
VL E-Governance & IT Solutions Ltd,VLEGOV,IT Services & Consulting
Kore Digital Ltd,KDL,Telecom Infrastructure
Usha Financial Services Ltd,USHAFIN,Consumer Finance
Gujarat Intrux Ltd,GUJINTRX,Iron & Steel
RFBL Flexi Pack Ltd,RFBL,
Hindprakash Industries Ltd,HPIL,Diversified Chemicals
Duncan Engineering Ltd,DUNCANENG,Auto Parts
Alpa Laboratories Ltd,ALPA,Pharmaceuticals
Vaxfab Enterprises Ltd,VEL,Textiles
Ruchi Infrastructure Ltd,RUCHINFRA,Agro Products
Jayesh Logistics Ltd,JAYESH,Logistics
Bilcare Ltd,BI,Packaging
Alan Scott Enterprises Ltd,ALANSCOTT,Movies & TV Serials
Indbank Merchant Banking Services Ltd,INDBANK,Investment Banking & Brokerage
Mukta Arts Ltd,MUKTAARTS,Movies & TV Serials
Keynote Financial Services Ltd,KEYFINSERV,Investment Banking & Brokerage
Signet Industries Ltd,SIGIND,Plastic Products
VJTF Eduservices Ltd,VJTFEDU,Education Services
Positron Energy Ltd,POSITRON,Oil & Gas - Equipment & Services
Jyoti Ltd,JYOTI,Heavy Electrical Equipments
ARCL Organics Ltd,ARCL,Specialty Chemicals
Maximus International Ltd,MAXIMUS,Commodities Trading
Srivari Spices and Foods Ltd,SSFL,FMCG - Foods
Amba Enterprises Ltd,AEL,Electrical Components & Equipments
Ikoma Technologies Ltd,IKOMA,Communication & Networking
IBL Finance Ltd,IBLFL,Consumer Finance
Barflex Polyfilms Ltd,BARFLEX,Packaging
National Fittings Ltd,NATFIT,Iron & Steel
Reliable Data Services Ltd,RELIABLE,Outsourced services
Yashhtej Industries (India) Ltd,YASHHTEJ,Agro Products
Lagnam Spintex Ltd,LAGNAM,Textiles
Bright Brothers Ltd,BRIGHTBR,Commodity Chemicals
Ashapuri Gold Ornament Ltd,AGOL,"Precious Metals, Jewellery & Watches"
Tyche Industries Ltd,TYCHE,Pharmaceuticals
Rapid Fleet Management Services Ltd,RAPIDFLEET,Logistics
Energy-Mission Machineries (India) Ltd,EMMIL,Industrial Machinery
Nexome Capital Markets Ltd,NEXOME,Investment Banking & Brokerage
G. G. Automotive Gears Ltd,GGAUTO,Auto Parts
Gallard Steel Ltd,GALLARD,Industrial Machinery
Rajshree Polypack Ltd,RPPL,Plastic Products
Lakshmi Engineering and Warehousing Ltd,LAKSHMIEW,Logistics
Balaxi Pharmaceuticals Ltd,BALAXI,Health Care Equipment & Supplies
Marc Technocrats Ltd,MARC,Business Support Services
Xelpmoc Design and Tech Ltd,XELPMOC,IT Services & Consulting
K I C Metaliks Ltd,KAJARIR,Iron & Steel
KHFM Hospitality and Facility Management Services Ltd,KHFM,Business Support Services
Shyam Dhani Industries Ltd,SHYAMDHANI,FMCG - Foods
Krebs Biochemicals and Industries Ltd,KREBSBIO,Pharmaceuticals
Parnax Lab Ltd,PARNAXLAB,Pharmaceuticals
NSB BPO Solutions Ltd,NSBBPO,Business Support Services
Achyut Healthcare Ltd,ACHYUT,Pharmaceuticals
Intrasoft Technologies Ltd,ISFT,Retail - Online
Smruthi Organics Ltd,SMRUTHIORG,Pharmaceuticals
Jay Ambe Supermarkets Ltd,CITYSQUARE,Retail - Speciality
Bal Pharma Ltd,BALPHARMA,Pharmaceuticals
Dhunseri Tea & Industries Ltd,DTIL,Tea & Coffee
Elfin Agro India Ltd,ELFIN,FMCG - Foods
Refex Renewables & Infrastructure Ltd,REFEXRENEW,Renewable Energy
Mangalam Seeds Ltd,MSL,Seeds
Narmada Agrobase Ltd,NARMADA,Agro Products
Globus Power Generation Ltd,GLOBUSCON,Power Generation
Winsol Engineers Ltd,WINSOL,Construction & Engineering
Swadeshi Polytex Ltd,SWADPOL,Real Estate
Trustedge Capital Ltd,TRUSTEDGE,Specialized Finance
Polson Ltd,POLSON,Commodity Chemicals
Duroply Industries Ltd,DUROPLY,Paper Products
Magnum Ventures Ltd,MAGNUM,Paper Products
Aeron Composite Ltd,AERON,Building Products - Others
Dhoot Industrial Finance Ltd,DHOOTIN,Commodities Trading
Avro India Ltd,AVROIND,Plastic Products
Kandarp Digi Smart Bpo Ltd,KANDARP,Outsourced services
Caprihans India Ltd,CAPRIHANS,Commodity Chemicals
HEC Infra Projects Ltd,HECPROJECT,Electrical Components & Equipments
Lactose (India) Ltd,LACTOSE,Pharmaceuticals
Virat Leasing Ltd,VLL,Diversified Financials
Shah Alloys Ltd,SHAHALLOYS,Iron & Steel
Maha Rashtra Apex Corporation Ltd,MAHAPEXLTD,Consumer Finance
Shri Gang Industries and Allied Products Ltd,SHRIGANG,Packaged Foods & Meats
Master Components Ltd,MASTER,Plastic Products
Siddhika Coatings Ltd,SIDDHIKA,Construction & Engineering
Pmc Fincorp Ltd,PMCFIN,Diversified Financials
Rockingdeals Circular Economy Ltd,ROCKINGDCE,Technology Hardware
Meta Infotech Ltd,METAINFO,Software Services
Alphageo (India) Ltd,ALPHAGEO,Oil & Gas - Equipment & Services
Chemcrux Enterprises Ltd,CHEMCRUX,Commodity Chemicals
W H Brady & Company Ltd,WHBRADY,Heavy Machinery
Bluegod Entertainment Ltd,BLUEGOD,Movies & TV Serials
Kanoria Energy & Infrastructure Ltd,KEIL,Building Products - Others
Elnet Technologies Ltd,ELNET,Real Estate
Dev Labtech Venture Ltd,DEVLAB,Hospitals & Diagnostic Centres
Bio Medica Laboratories Ltd,BMLL,
Uravi Defence and Technology Ltd,URAVIDEF,Electrical Components & Equipments
Pioneer Investcorp Ltd,PIONRINV,Investment Banking & Brokerage
Upsurge Investment and Finance Ltd,UPSURGE,Diversified Financials
Lorenzini Apparels Ltd,LAL,Apparel & Accessories
Dharni Capital Services Ltd,DHARNI,Specialized Finance
SNL Bearings Ltd,SNL,Industrial Machinery
Jocil Ltd,JOCIL,Commodity Chemicals
Surana Solar Ltd,SURANASOL,Renewable Energy Equipment & Services
Viram Suvarn Ltd,VSL,"Precious Metals, Jewellery & Watches"
Aspira Pathlab & Diagnostics Ltd,ASPIRA,Hospitals & Diagnostic Centres
Aartech Solonics Ltd,AARTECH,Electrical Components & Equipments
Enser Communications Ltd,ENSER,IT Services & Consulting
Latteys Industries Ltd,LATTEYS,Industrial Machinery
Manilam Industries India Ltd,MANILAM,Building Products - Laminates
Western India Plywoods Ltd,WIPL,Wood Products
Kifs Financial Services Ltd,KIFS,Specialized Finance
Aesthetik Engineers Ltd,AESTHETIK,Construction & Engineering
SecMark Consultancy Ltd,SECMARK,IT Services & Consulting
Jeyyam Global Foods Ltd,JEYYAM,FMCG - Foods
Sampann Utpadan India Ltd,SAMPANN,Commodity Chemicals
Indian Sucrose Ltd,INDSUCR,Sugar
Harshdeep Hortico Ltd,HARSHDEEP,Housewares
Raaj Medisafe India Ltd,RAAJMEDI,Health Care Equipment & Supplies
Tirupati Starch & Chemicals Ltd,TIRUSTA,Commodity Chemicals
BSL Ltd,BSL,Textiles
Tarmat Ltd,TARMAT,Construction & Engineering
Canarys Automations Ltd,CANARYS,IT Services & Consulting
Udayshivakumar Infra Ltd,USK,Construction & Engineering
Sanco Trans Ltd,SANCTRN,Logistics
Amba Auto Sales and Services Ltd,AMBAAUTO,Two Wheelers
Expo Engineering and Projects Ltd,EXPOEAPL,Agricultural & Farm Machinery
Greenchef Appliances Ltd,GREENCHEF,Home Electronics & Appliances
Indian Card Clothing Company Ltd,INDIANCARD,Industrial Machinery
BCPL Railway Infrastructure Ltd,BCPL,Construction & Engineering
Chemtech Industrial Valves Ltd,CHEMTECH,Industrial Machinery
Kaira Can Co Ltd,KAIRA,Packaging
Sancode Technologies Ltd,SANCODE,Software Services
Bengal Tea & Fabrics Ltd,BENGALT,Textiles
Norben Tea and Exports Ltd,NORBTEAEXP,Tea & Coffee
Binayak Tex Processors Ltd,ZBINTXPP,Textiles
TCI Industries Ltd,TCIIND,Commodities Trading
Coral India Finance and Housing Ltd,CORALFINAC,Real Estate
Vishwaraj Sugar Industries Ltd,VISHWARAJ,Sugar
National Plastic Technologies Ltd,NATPLASTI,Plastic Products
Crown Lifters Ltd,CROWN,Heavy Machinery
Maruti Infrastructure Ltd,MAINFRA,Construction & Engineering
Aaradhya Disposal Industries Ltd,AARADHYA,Paper Products
Sambhaav Media Ltd,SAMBHAAV,Publishing
Bihar Sponge Iron Ltd,BIHSPONG,Iron & Steel
Aluwind Infra-Tech Ltd,ALUWIND,Building Products - Others
Focus Business Solution Ltd,FOCUS,Business Support Services
Retaggio Industries Ltd,RETAGGIO,"Precious Metals, Jewellery & Watches"
Novelix Pharmaceuticals Ltd,NOVELIX,Pharmaceuticals
Cubex Tubings Ltd,CUBEXTUB,Metals - Copper
Raama Finance Ltd,RLFL,Diversified Financials
Anka India Ltd,ANKIN,IT Services & Consulting
Dollex Agrotech Ltd,DOLLEX,Sugar
Hindustan Hardy Ltd,HINDHARD,Auto Parts
Reganto Enterprises Ltd,REGANTO,Electronic Equipments
Prodocs Solutions Ltd,PRODOCS,IT Services & Consulting
Vipul Ltd,VIPULLTD,Real Estate
Texmo Pipes and Products Ltd,TEXMOPIPES,Plastic Products
Aztec Fluids & Machinery Ltd,AZTEC,Industrial Machinery
Eppeltone Engineers Ltd,EEPL,Electrical Components & Equipments
Sampre Nutritions Ltd,SAMPRE,FMCG - Foods
TBI Corn Ltd,TBI,Agro Products
Weizmann Ltd,WEIZMANIND,Textiles
Godavari Drugs Ltd,GODAVARI,Pharmaceuticals
Panth Infinity Ltd,PANTH,Commodities Trading
Excel Realty N Infra Ltd,LANDSMILL,Business Support Services
Oval Projects Engineering Ltd,OVAL,Oil & Gas - Equipment & Services
M P K Steels (1) Ltd,MPKSTEELS,Iron & Steel
Ace men engg works Ltd,ACEMEN,Diversified Financials
RICHA INFO SYSTEMS LIMITED,RICHA,Academic & Educational Services
Anik Industries Ltd,ANIKINDS,Commodities Trading
Lahoti Overseas Ltd,LAHOTIOV,Textiles
Autoriders International Ltd,AUTOINT,Tour & Travel Services
Apollo Techno Industries Ltd,ATIL,Construction & Engineering
Mauria Udyog Ltd,MUL,Gas Distribution
Garware Offshore Services Ltd,GARWAOFFS,Oil & Gas - Equipment & Services
Sotac Pharmaceuticals Ltd,SOTAC,Pharmaceuticals
Praxis Home Retail Ltd,PRAXIS,Home Furnishing
Premco Global Ltd,PREMCO,Apparel & Accessories
LIC MF Nifty 8-13 yr G-Sec ETF,LICNETFGSC,Debt
Star Imaging and Path Lab Ltd,STARIMAGIN,Hospitals & Diagnostic Centres
Rudrabhishek Enterprises Ltd,REPL,Real Estate
SBI Nifty 1D Rate Liquid ETF - IDCW,LIQUIDSBI,Debt
Accord Transformer & Switchgear Ltd,ACCORDTS,Electrical Components & Equipments
ResGen Ltd,RESGEN,Oil & Gas - Refining & Marketing
Prima Plastics Ltd,PRIMAPLA,Housewares
Airo Lam Ltd,AIROLAM,Building Products - Laminates
Ganges Securities Ltd,GANGESSECU,Diversified Financials
Auto Pins (India) Ltd,AUTOPINS,Iron & Steel
K&R Rail Engineering Ltd,KRRAIL,Construction & Engineering
JSL Industries Ltd,JSLINDL,Electrical Components & Equipments
International Combustion (India) Ltd,INTLCOMBQ,Industrial Machinery
Bhadora Industries Ltd,BHADORA,Cables
Vital Chemtech Ltd,VITAL,Commodity Chemicals
Apollo Finvest (India) Ltd,APOLLOFI,Diversified Financials
DB (International) Stock Brokers Ltd,DBSTOCKBRO,Investment Banking & Brokerage
Raja Bahadur International Ltd,RAJABAH,Real Estate
Steel City Securities Ltd,STEELCITY,Investment Banking & Brokerage
Navkar Urbanstructure Ltd,NAVKARURB,Construction & Engineering
AAA Technologies Ltd,AAATECH,IT Services & Consulting
Samkrg Pistons and Rings Ltd,SAMKRG,Auto Parts
WOL 3D India Ltd,WOL3D,Electronic Equipments
MRC Agrotech Ltd,MRCAGRO,Commodities Trading
KVS Castings Ltd,KVSCASTING,Auto Parts
LA Tim Metal & Industries Ltd,LATIMMETAL,Real Estate
Scoobee Day Garments (India) Ltd,SCOOBEEDAY,Apparel & Accessories
Kay Cee Energy & Infra Ltd,KCEIL,Construction & Engineering
Somi Conveyor Beltings Ltd,SOMICONVEY,Industrial Machinery
V R Infraspace Ltd,VR,Real Estate
Dachepalli Publishers Ltd,DACHEPALLI,Education Services
Swastika Investmart Ltd,SWASTIKA,Diversified Financials
Beardsell Ltd,BEARDSELL,Building Products - Prefab Structures
Urban Enviro Waste Management Ltd,URBAN,Water Management
Lakshya Powertech Ltd,LAKSHYA,Construction & Engineering
Bhudevi Infra Projects Ltd,BHUDEVI,Real Estate
Lambodhara Textiles Ltd,LAMBODHARA,Textiles
GTL Ltd,GTL,Telecom Infrastructure
Party Cruisers Ltd,PARTYCRUS,"Hotels, Resorts & Cruise Lines"
Maiden Forgings Ltd,MAIDEN,Metals - Diversified
Super Iron Foundry Ltd,SUPERIRON,Dredging
Rappid Valves (India) Ltd,RAPPID,Industrial Machinery
Thrive Future Habitats Ltd,THRIVE,FMCG - Personal Products
AG Ventures Ltd,AGVENTURES,Asset Management
Modulex Construction Technologies Ltd,MODULEX,Construction & Engineering
Sellwin Traders Ltd,SELLWIN,Commodities Trading
Rajshree Sugars & Chemicals Ltd,RAJSREESUG,Sugar
Premier Roadlines Ltd,PRLIND,Logistics
Mehai Technology Ltd,MEHAI,Electrical Components & Equipments
Addictive Learning Technology Ltd,ADDICTIVE,Education Services
Indsil Hydro Power and Manganese Ltd,INDSILHYD,Metals - Iron
Hindcon Chemicals Ltd,HINDCON,Commodity Chemicals
Value 360 Communications Ltd,VALUE360,Advertising
Nephro Care India Ltd,NEPHROCARE,Hospitals & Diagnostic Centres
Basant Agro Tech (India) Ltd,BASANTGL,Commodity Chemicals
Rishi Laser Ltd,RISHILASE,Industrial Machinery & Supplies & Components
Garnet Construction Ltd,GARNET,Real Estate
Indus Finance Ltd,INDUSFINL,Consumer Finance
Gradiente Infotainment Ltd,GRADIENTE,Movies & TV Serials
EMIAC Technologies Ltd,EMIAC,Advertising
Bodhi Tree Multimedia Ltd,BTML,Movies & TV Serials
Innomet Advanced Materials Ltd,INNOMET,Metals - Diversified
Amarjothi Spinning Mills Ltd,AMARJOTHI,Textiles
Taylormade Renewables Ltd,TRL,Renewable Energy Equipment & Services
Thacker and Company Ltd,THACKER,Real Estate
Garnet International Ltd,GARNETINT,Textiles
Ambar Protein Industries Ltd,AMBARPIL,Agro Products
GVP Infotech Ltd,GVPTECH,IT Services & Consulting
Meera Industries Ltd,MEERA,Industrial Machinery
Srinibas Pradhan Constructions Ltd,SPCON,Roads
Aditya Birla Sun Life Nifty Bank ETF,ABSLBANETF,Equity
Escorp Asset Management Ltd,ESCORP,Asset Management
HDFC Nifty Banking ETF,HDFCNIFBAN,Equity
BIOPOL CHEMICALS LIMITED,BIOPOL,Specialty Chemicals
Thakkers Developers Ltd,THAKDEV,Real Estate
Samrat Forgings Ltd,SAMRATFORG,Metals - Diversified
Maitreya Medicare Ltd,MAITREYA,Hospitals & Diagnostic Centres
Narmadesh Brass Industries Ltd,NARMADESH,Metals - Diversified
Saptarishi Agro Industries Ltd,SPTRSHI,Agro Products
Ducon Infratechnologies Ltd,DUCON,IT Services & Consulting
Regency Ceramics Ltd,REGENCERAM,Building Products - Ceramics
Zenith Exports Ltd,ZENITHEXPO,Textiles
Kabra Jewels Ltd,KKJEWELS,"Precious Metals, Jewellery & Watches"
Hindustan Tin Works Ltd,HINDTIN,Packaging
Sharp Chucks and Machines Ltd,SCML,Industrial Machinery
Shri Krishna Devcon Ltd,SHRIKRISH,Construction & Engineering
Par Drugs and Chemicals Ltd,PAR,Pharmaceuticals
Calcom Vision Ltd,CALCOM,Electrical Components & Equipments
Titan Securities Ltd,TITANSEC,Specialized Finance
Cressanda Railway Solutions Ltd,CRSL,IT Services & Consulting
Matrix Geo Solutions Ltd,MGSL,Specialized Finance
Pattech Fitwell Tube Components Ltd,PATTECH,Construction & Engineering
OBCL Ltd,OBCL,Logistics
Puretrop Fruits Ltd,PURETROP,Agro Products
Purv Flexipack Ltd,PURVFLEXI,Plastic Products
Mayank Cattle Food Ltd,MCFL,FMCG - Foods
Valencia Nutrition Ltd,VALENCIA,Alcoholic Beverages
Vibrant Global Capital Ltd,VGCL,Diversified Financials
Kemp and Company Ltd,KEMP,Retail - Speciality
Patdiam Jewellery Ltd,PJL,"Precious Metals, Jewellery & Watches"
Mobilise App Lab Ltd,MOBILISE,Software Services
Surya Lakshmi Cotton Mills Ltd,SURYALAXMI,Textiles
Ai Champdany Industries Ltd,AICHAMP,Textiles
Aarnav Fashions Ltd,AARNAV,Textiles
Athena Global Technologies Ltd,ATHENAGLO,IT Services & Consulting
Rexnord Electronics and Controls Ltd,REXNORD,Industrial Machinery
Rts Power Corporation Ltd,RTSPOWR,Heavy Electrical Equipments
Diensten Tech Ltd,DTL,IT Services & Consulting
Gujjubhai Industries Ltd,SUMUKA,FMCG - Foods
Munoth Capital Market Ltd,MUNCAPM,Asset Management
Compucom Software Ltd,COMPUSOFT,Education Services
Art Nirman Ltd,ARTNIRMAN,Real Estate
Galaxy Agrico Exports Ltd,GALAGEX,Industrial Machinery
Archit Organosys Ltd,ARCHITORG,Commodity Chemicals
Parvati Sweetners and Power Ltd,PARVATI,Sugar
DCG Cables & Wires Ltd,DCG,Electrical Components & Equipments
Sattva Engineering Construction Ltd,SATTVAENGG,Water Management
Rajnandini Metal Ltd,RAJMET,Metals - Diversified
Shyam Century Ferrous Ltd,SHYAMCENT,Iron & Steel
Shantidoot Infra Services Ltd,SISL,Construction & Engineering
Emkay Taps and Cutting Tools Ltd,EMKAYTOOLS,Industrial Machinery
Loyal Textile Mills Ltd,LOYALTEX,Textiles
Bhilwara Spinners Ltd,BHILSPIN,Textiles
Bhandari Hosiery Exports Ltd,BHANDARI,Apparel & Accessories
B & A Ltd,BNALTD,FMCG - Foods
Rama Telecom Ltd,RTL,Communication & Networking
Grob Tea Co Ltd,GROBTEA,Tea & Coffee
Aakaar Medical Technologies Ltd,AAKAAR,Health Care Equipment & Supplies
Standard Industries Ltd,SIL,Textiles
Reliance Home Finance Ltd,RHFL,Home Financing
Sylvan Plyboard (India) Ltd,SYLVANPLY,Wood Products
Addi Industries Ltd,ADDIND,Textiles
RSD Finance Ltd,RSDFIN,Specialized Finance
Semac Construction Ltd,SEMAC,Construction & Engineering
Globe Enterprises (India) Ltd,GLOBE,Apparel & Accessories
Optimus Finance Ltd,OPTIFIN,Specialized Finance
B.A.G. Films and Media Ltd,BAGFILMS,Movies & TV Serials
Mega Nirman & Industries Ltd,MNIL,Cement
Indian Infotech and Software Ltd,INDINFO,Consumer Finance
Holmarc Opto-Mechatronics Ltd,HOLMARC,Industrial Machinery
Techknowgreen Solutions Ltd,TECHKGREEN,Environmental Services
Lovable Lingerie Ltd,LOVABLE,Apparel & Accessories
Dhampure Speciality Sugars Ltd,DHAMPURE,Agro Products
Gravity (India) Ltd,GRAVITY,Textiles
Moksh Ornaments Ltd,MOKSH,"Precious Metals, Jewellery & Watches"
Forge Auto International Ltd,FORGEAUTO,Auto Parts
Anand Rayons Ltd,ARL,Textiles
Onelife Capital Advisors Ltd,ONELIFECAP,Investment Banking & Brokerage
Hilton Metal Forging Ltd,HILTON,Industrial Machinery
Ambani Orgochem Ltd,AMBANIORGO,Diversified Chemicals
Rungta Irrigation Ltd,RUNGTAIR,Building Products - Pipes
Newtime Infrastructure Ltd,NEWINFRA,Real Estate
Mayasheel Ventures Ltd,MAYASHEEL,Roads
Akar Auto Industries Ltd,AAIL,Auto Parts
James Warren Tea Ltd,JAMESWARREN,Agro Products
Manoj Ceramic Ltd,MCPL,Building Products - Others
Vippy Spinpro Ltd,VIPPYSP,Textiles
Jet Freight Logistics Ltd,JETFREIGHT,Logistics
Bajaj Finserv Nifty Bank ETF,BANKBETF,Equity
Sadbhav Infrastructure Projects Ltd,SADBHIN,Roads
Inter Globe Finance Ltd,INTRGLB,Investment Banking & Brokerage
Milgrey Finance and Investments Ltd,ZMILGFIN,Investment Banking & Brokerage
Moxsh Overseas Educon Ltd,MOXSH,Academic & Educational Services
Aksh Optifibre Ltd,AKSHOPTFBR,Communication & Networking
ShreeOswal Seeds and Chemicals Ltd,OSWALSEEDS,Seeds
Inventure Growth & Securities Ltd,INVENTURE,Investment Banking & Brokerage
Prime Industries Ltd,PRIMIND,Real Estate
Purple Wave Infocom Ltd,PURPLEWAVE,Electronic Equipments
Upsurge Seeds Of Agriculture Ltd,USASEEDS,Seeds
CG VAK Software and Exports Ltd,CGVAK,Software Services
Arunjyoti Bio Ventures Ltd,ABVL,Commodities Trading
Sarthak Metals Ltd,SMLT,Electrical Components & Equipments
NIS Management Ltd,NISMGMT,Business Support Services
Fortis Malar Hospitals Ltd,FORTISMLR,Hospitals & Diagnostic Centres
Motor and General Finance Ltd,MOTOGENFIN,Real Estate
Paragon Fine & Speciality Chemical Ltd,PARAGON,Specialty Chemicals
Alkali Metals Ltd,ALKALI,Commodity Chemicals
Sodhani Academy of Fintech Enablers Ltd,SAFE,Education Services
Telge Projects Ltd,TELGE,Business Support Services
Vistar Amar Ltd,VISTARAMAR,Agro Products
Mehul Telecom Ltd,MTL,Retail - Speciality
Modern Dairies Ltd,MODAIRY,FMCG - Foods
Surat Trade and Mercantile Ltd,SURATRAML,Commodities Trading
Banka BioLoo Ltd,BANKA,Business Support Services
MRP Agro Ltd,MRP,Agro Products
Glittek Granites Ltd,GLITTEKG,Building Products - Granite
APM Industries Ltd,APMIN,Textiles
Noida Toll Bridge Company Ltd,NOIDATOLL,Roads
Denis Chem Lab Ltd,DENISCHEM,Pharmaceuticals
ICICI Prudential BSE 500 ETF,BSE500IETF,Equity
KG Petrochem Ltd,KGPETRO,Textiles
Sunrise Efficient Marketing Ltd,SEML,Business Support Services
Tahmar Enterprises Ltd,TAHMARENT,Alcoholic Beverages
Drone Destination Ltd,DRONE,Education Services
Sellowrap Industries Ltd,SELLOWRAP,Packaging
Pharmaids Pharmaceuticals Ltd,PHARMAID,Pharmaceuticals
Kakatiya Cement Sugar and Industries Ltd,KAKATCEM,Cement
On Door Concepts Ltd,ONDOOR,Retail - Online
Deep Polymers Ltd,DEEP,Specialty Chemicals
Mahendra Realtors & Infrastructure Ltd,MRIL,Construction & Engineering
WeP Solutions Ltd,WEPSOLN,IT Services & Consulting
Sel Manufacturing Company Ltd,SELMC,Textiles
Nath Industries Ltd,NATHIND,Paper Products
Sharda Ispat Ltd,SHRDAIS,Iron & Steel
GALAXY Supermarket Ltd,GSLTD,FMCG - Foods
HDFC Silver ETF,HDFCSILVER,Silver
Confidence Futuristic Energetech Ltd,CFEL,Oil & Gas - Storage & Transportation
Clara Industries Ltd,CLARA,Packaging
Hindustan Appliances Ltd,HINDAPL,Textiles
Tanvi Foods (India) Ltd,TANVI,Packaged Foods & Meats
Palash Securities Ltd,PALASHSECU,Diversified Financials
Striders Impex Ltd,STRIDERS,Business Support Services
Tomorrow Technologies Global Innovations Ltd,TTGIL,Investment Banking & Brokerage
Cenlub Industries Ltd,CENLUB,Industrial Machinery
Amrapali Industries Ltd,AMRAPLIN,Commodities Trading
Asit C Mehta Financial Services Ltd,ASITCFIN,Diversified Financials
Goyal Aluminiums Ltd,GOYALALUM,Iron & Steel
Sal Automotive Ltd,SALAUTO,Auto Parts
Yajur Fibres Ltd,YAJUR,Textiles
Pacific Industries Ltd,PACIFICI,Mining - Diversified
Mirae Asset Nifty Financial Services ETF,BFSI,Equity
Rukmani Devi Garg Agro Impex Ltd,RDGAIL,Agro Products
Aakash Exploration Services Ltd,AAKASH,Oil & Gas - Equipment & Services
Vels Film International Ltd,VELS,Movies & TV Serials
Leo Dryfruits & Spices Trading Ltd,VANDU,IT Services & Consulting
Mirae Asset Silver ETF,SILVERAG,Silver
Patel Integrated Logistics Ltd,PATINTLOG,Logistics
delaPlex Ltd,DELAPLEX,IT Services & Consulting
Deepak Chemtex Ltd,DEEPAKCHEM,Specialty Chemicals
Sakthi Finance Ltd,SAKTHIFIN,Consumer Finance
Gujarat Containers Ltd,GUJCONT,Packaging
Aban Offshore Ltd,ABAN,Oil & Gas - Equipment & Services
Valplast Technologies Ltd,VALPLAST,Construction & Engineering
Ashnisha Industries Ltd,ASHNI,Iron & Steel
Prithvi Exchange (India) Ltd,PRITHVIEXCH,Investment Banking & Brokerage
Ideal Technoplast Industries Ltd,IDEALTECHO,Packaging
Marvel Decor Ltd,MDL,Home Furnishing
AMD Industries Ltd,AMDIND,Packaging
Eco Hotels and Resorts Ltd,ECOHOTELS,"Hotels, Resorts & Cruise Lines"
Jagsonpal Services Ltd,JAGSONSER,Investment Banking & Brokerage
Gujarat State Financial Corp,GUJSTATFIN,Specialized Finance
Makers Laboratories Ltd,MAKERSL,Pharmaceuticals
Standard Capital Markets Ltd,STANCAP,Consumer Finance
J A Finance Ltd,JAFINANCE,Specialized Finance
BITS Ltd,BITS,Education Services
FYNX Capital Ltd,FYNX,Consumer Finance
Gautam Exim Ltd,GEL,Paper Products
Landmark Property Development Co Ltd,LPDC,Real Estate
Kohinoor Foods Ltd,KOHINOOR,Packaged Foods & Meats
Shilp Gravures Ltd,SHILGRAVQ,Industrial Machinery
Mercury Laboratories Ltd,MERCURYLAB,Pharmaceuticals
Sanmit Infra Ltd,SANINFRA,Real Estate
Barak Valley Cements Ltd,BVCL,Cement
Cravatex Ltd,CRAVATEX,Commodities Trading
Kaytex Fabrics Ltd,KAYTEX,Textiles
Kovilpatti Lakshmi Roller Flour Mills Ltd,KLRFM,Packaged Foods & Meats
Zeal Global Services Ltd,ZEAL,Logistics
Prerna Infrabuild Ltd,PRERINFRA,Real Estate
Viaz Tyres Ltd,VIAZ,Tires & Rubber
G M Polyplast Ltd,GMPL,Specialty Chemicals
BLB Ltd,BLBLIMITED,Investment Banking & Brokerage
Housing Development and Infrastructure Ltd,HDIL,Real Estate
Silicon Rental Solutions Ltd,SRSOLTD,IT Services & Consulting
Reliance Chemotex Industries Ltd,RELCHEMQ,Textiles
Curis Lifesciences Ltd,CURIS,Pharmaceuticals
Mangalam Industrial Finance Ltd,MANGIND,Diversified Financials
Droneacharya Aerial Innovations Ltd,DRONACHRYA,Oil & Gas - Equipment & Services
Renol Polychem Ltd,RNPL,Specialty Chemicals
Mirae Asset Nifty 8-13 yr G-Sec ETF,GSEC10YEAR,Debt
Assam Entrade Ltd,ASSAMENT,Specialized Finance
Flomic Global Logistics Ltd,FLOMIC,Logistics
Rox Hi-Tech Ltd,ROXHITECH,IT Services & Consulting
Ultracab (India) Ltd,ULTRACAB,Cables
ITL Industries Ltd,ITL,Industrial Machinery
DIGJAM Ltd,DIGJAMLMTD,Textiles
Indrayani Biotech Ltd,INDRANIB,Software Services
Fonebox Retail Ltd,FONEBOX,Retail - Speciality
Panyam Cements And Mineral Industrties Ltd,PANCM,Cement
Rapicut Carbides Ltd,RAPICUT,Industrial Machinery
Naturite Agro Products Ltd,NAPL,Packaged Foods & Meats
Radhe Developers (India) Ltd,RADHEDE,Real Estate
Ravelcare Ltd,RAVEL,FMCG - Personal Products
Piccadily Sugar and Allied Industries Ltd,PICCASUG,Alcoholic Beverages
Gabriel Pet Straps Ltd,GPSL,Plastic Products
Shakti Press Ltd,SHAKTIPR,Publishing
SPL Industries Ltd,SPLIL,Apparel & Accessories
Gabion Technologies India Ltd,GTIL,Building Products - Others
B & A Packaging India Ltd,BAPACK,Paper Products
GEM Enviro Management Ltd,GEMENVIRO,Environmental Services
Womancart Ltd,WOMANCART,Retail - Online
Smarten Power Systems Ltd,SMARTEN,Renewable Energy Equipment & Services
Chatterbox Technologies Ltd,CHTR,Advertising
Saumya Consultants Ltd,SAUMYA,Diversified Financials
Chartered Logistics Ltd,CHLOGIST,Logistics
Lykis Ltd,LYKISLTD,FMCG - Personal Products
CURA Technologies Ltd,CURAA,Software Services
Kundan Edifice Ltd,KEL,Electrical Components & Equipments
Sharvaya Metals Ltd,SHARVAYA,Metals - Aluminium
Cinevista Ltd,CINEVISTA,Movies & TV Serials
Mangalam Alloys Ltd,MAL,Iron & Steel
Sheel Biotech Ltd,SHEEL,Seeds
My Mudra Fincorp Ltd,MYMUDRA,Consumer Finance
KCK Industries Ltd,KCK,Textiles
ICICI Prudential BSE Liquid Rate ETF - IDCW,LIQUIDIETF,Equity
Total Transport Systems Ltd,TOTAL,Logistics
Ken Enterprises Ltd,KEN,Textiles
Chetana Education Ltd,CHETANA,Education Services
Shree Osfm E-Mobility Ltd,SHREEOSFM,Tour & Travel Services
Mukesh Babu Financial Services Ltd,MUKESHB,Diversified Financials
Gujarat Peanut and Agri Products Ltd,GPAPL,Agro Products
DSP Silver ETF,SILVERADD,Silver
Texel Industries Ltd,TEXELIN,Agricultural & Farm Machinery
Modern Diagnostic & Research Centre Ltd,MDRC,Hospitals & Diagnostic Centres
Accuracy Shipping Ltd,ACCURACY,Logistics
Nagreeka Exports Ltd,NAGREEKEXP,Textiles
Readymix Construction Machinery Ltd,READYMIX,Construction & Engineering
Classic Electrodes (India) Ltd,CLASSICEIL,Industrial Machinery
Shri Vasuprada Plantations Ltd,VASUPRADA,Agro Products
Rishiroop Ltd,RISHIROOP,Commodity Chemicals
Acknit Industries Ltd,ACKNIT,Apparel & Accessories
UMA Exports Ltd,UMAEXPORTS,Agro Products
Choksi Laboratories Ltd,CHOKSILA,Labs & Life Sciences Services
Kati Patang Lifestyle Ltd,KATIPATANG,IT Services & Consulting
Himalaya Food International Ltd,HFIL,Packaged Foods & Meats
R S Software (India) Ltd,RSSOFTWARE,Software Services
Leading Leasing Finance and Investment Company Ltd,LLFICL,Diversified Financials
Zenith Steel Pipes & Industries Ltd,ZENITHSTL,Building Products - Pipes
T & I Global Ltd,TIGLOB,Agro Products
AmpVolts Ltd,AMPVOLTS,Electronic Equipments
Nukleus Office Solutions Ltd,NUKLEUS,Business Support Services
Naapbooks Ltd,NBL,Software Services
Transcorp International Ltd,TRANSCOR,Consumer Finance
COSCO (India) Ltd,COSCO,Theme Parks & Gaming
Slone Infosystems Ltd,SLONE,Technology Hardware
Shetron Ltd,SHETR,Packaging
Nilachal Refractories Ltd,NILACHAL,Cement
BEW Engineering Ltd,BEWLTD,Industrial Machinery
Ascensive Educare Ltd,ASCENSIVE,Education Services
Titan Intech Ltd,TITANIN,IT Services
Pee Cee Cosma Sope Ltd,PCCOSMA,FMCG - Household Products
Rachit Prints Ltd,RACHIT,Textiles
Shri Balaji Valve Components Ltd,SBVCL,Industrial Machinery
Deepak Spinners Ltd,DEEPAKSP,Textiles
Jolly Plastic Inds Ltd,JOLYPLS,Plastic Products
Tokyo Plast International Ltd,TOKYOPLAST,Housewares
Invicta Diagnostic Ltd,INVICTA,Hospitals & Diagnostic Centres
Fervent Synergies Ltd,FERVENTSYN,Conglomerates
Mirae Asset Nifty EV and New Age Automotive ETF,EVINDIA,Equity
Innovative Tyres & Tubes Ltd,ITTL,Tires & Rubber
Kiaasa Retail Ltd,KIAASA,Retail - Apparel
Indian Acrylics Ltd,INDIANACRY,Textiles
RKEC Projects Ltd,RKEC,Construction & Engineering
Veekayem Fashion & Apparels Ltd,VEEKAYEM,Textiles
Globalspace Technologies Ltd,GSTL,IT Services & Consulting
Advik Capital Ltd,ADVIKCA,Specialized Finance
Ceenik Exports (India) Ltd,CEENIK,Textiles
Fiberweb (India) Ltd,FIBERWEB,Textiles
Atam Valves Ltd,ATAM,Industrial Machinery
IB Infotech Enterprises Ltd,IBINFO,IT Services & Consulting
Chowgule Steamships Ltd,CHOWGULSTM,Logistics
Repono Ltd,REPONO,Logistics
Nhc Foods Ltd,NHCFOODS,Packaged Foods & Meats
Raj Television Network Ltd,RAJTV,TV Channels & Broadcasters
Concord Drugs Ltd,CONCORD,Pharmaceuticals
Kshitij Polyline Ltd,KSHITIJPOL,Stationery
Gensol Engineering Ltd,GENSOL,Construction & Engineering
New Swan Multitech Ltd,SWANAGRO,Agricultural & Farm Machinery
Acme Resources Ltd,ACME,Diversified Financials
Virya Resources Ltd,VIRYA,Commodities Trading
Chartered Capital and Investment Ltd,CHRTEDCA,Investment Banking & Brokerage
Siyaram Recycling Industries Ltd,SIYARAM,Cycles
Kranti Industries Ltd,KRANTI,Auto Parts
Crayons Advertising Ltd,CRAYONS,Advertising
Praruh Technologies Ltd,PRARUH,IT Services & Consulting
Greenhitech Ventures Ltd,GVL,Oil & Gas - Storage & Transportation
Vdeal System Ltd,VDEAL,Electrical Components & Equipments
TPI India Ltd,TPINDIA,Packaging
Jyoti Global Plast Ltd,JYOTIGLOBL,Plastic Products
Ameya Precision Engineers Ltd,AMEYA,Industrial Machinery
Abhinav Capital Services Ltd,ABHICAP,Diversified Financials
Edvenswa Enterprises Ltd,EDVENSWA,IT Services & Consulting
Dharan Infra-EPC Ltd,DHARAN,Real Estate
Satchmo Holdings Ltd,SATCH,Restaurants & Cafes
Vikram Kamats Hospitality Ltd,KAMATS,Hospitals & Diagnostic Centres
Super Tannery Ltd,SUPTANERY,Textiles
Grill Splendour Services Ltd,BIRDYS,Restaurants & Cafes
Universal Starch Chem Allied Ltd,UNIVSTAR,Packaged Foods & Meats
Polychem Ltd,POLYCHEM,Specialty Chemicals
HandsOn Global Management (HGM) Ltd,HGM,Business Support Services
Ironwood Education Ltd,IRONWOOD,Education Services
Touchwood Entertainment Ltd,TOUCHWOOD,Advertising
Dynavision Ltd,DYNAVSN,Diversified Financials
Choksi Asia Ltd,CHOKSI,Health Care Equipment & Supplies
Restile Ceramics Ltd,RESTILE,Building Products - Ceramics
Hisar Metal Industries Ltd,HISARMETAL,Building Products - Pipes
Integrity Infrabuild Developers Ltd,INTEGRITY,Construction & Engineering
Continental Petroleums Ltd,CONTPTR,Commodity Chemicals
Shanti Spintex Ltd,SHANTIDENM,Textiles
Simran Farms Ltd,SIMRAN,Packaged Foods & Meats
Indian Emulsifiers Ltd,IEML,Specialty Chemicals
Nippon India Nifty Auto ETF,AUTOBEES,Equity
WSFX Global Pay Ltd,WSFX,Payment Infrastructure
M R Maniveni Foods Ltd,MANIVENI,
Variman Global Enterprises Ltd,VARIMAN,IT Services & Consulting
Energy Development Company Ltd,ENERGYDEV,Renewable Energy
Shri Hare-Krishna Sponge Iron Ltd,SHKSIL,Iron & Steel
Accel Ltd,ACCEL,Movies & TV Serials
Prakash Steelage Ltd,PRAKASHSTL,Building Products - Pipes
Gayatri BioOrganics Ltd,GAYATRIBI,Specialty Chemicals
G G Engineering Ltd,GGENG,Auto Parts
IL&FS Transportation Networks Ltd,IL&FSTRANS,Roads
Eiko Lifesciences Ltd,EIKO,Specialty Chemicals
Jungle Camps India Ltd,JUNGLECAMP,Tour & Travel Services
F Mec International Financial Services Ltd,FMEC,Consumer Finance
Pioneer Embroideries Ltd,PIONEEREMB,Apparel & Accessories
Shalimar Wires Industries Ltd,SHALIWIR,Electrical Components & Equipments
JHS Svendgaard Laboratories Ltd,JHS,FMCG - Personal Products
Sanginita Chemicals Ltd,SANGINITA,Commodity Chemicals
Porwal Auto Components Ltd,PORWAL,Auto Parts
Riddhi Corporate Services Ltd,RIDDHICORP,IT Services & Consulting
Konstelec Engineers Ltd,KONSTELEC,Construction & Engineering
Crop Life Science Ltd,CLSL,Agro Products
Maestros Electronics & Telecommunications Systems Ltd,METSL,Electronic Equipments
Bhaskar Agro Chemicals Ltd,BHASKAGR,Specialty Chemicals
Narmada Macplast Drip Irrigation Systems Ltd,NARMP,Agricultural & Farm Machinery
Haryana Capfin Ltd,HARYNACAP,Consumer Finance
Alcokraft Distilleries Ltd,ALCODIS,Alcoholic Beverages
Gujarat Toolroom Ltd,GUJTLRM,Construction & Engineering
Bharat Immunologicals and Biologicals Corporation Ltd,BIBCL,Pharmaceuticals
Maxposure Ltd,MAXPOSURE,Advertising
Kamadgiri Fashion Ltd,KAMADGIRI,Textiles
Vaishali Pharma Ltd,VAISHALI,Pharmaceuticals
Aristo Bio-Tech and Lifescience Ltd,ARISTO,Fertilizers & Agro Chemicals
Shervani Industrial Syndicate Ltd,SHERVANI,Real Estate
Ashapura Logistics Ltd,ASHALOG,Logistics
Bonlon Industries Ltd,BONLON,Metals - Copper
WAA Solar Ltd,WAA,Renewable Energy
Shantai Industries Ltd,SHANTAI,Textiles
Comfort Fincap Ltd,COMFINCAP,Diversified Financials
Umiya Mobile Ltd,UML,Retail - Speciality
Mirae Asset Nifty Midcap 150 ETF,MIDCAPETF,Equity
Sanrhea Technical Textiles Ltd,SANTETX,Building Products - Others
Ganga Papers India Ltd,GANGAPA,Paper Products
Mehul Colours Ltd,MEHUL,Specialty Chemicals
MY Money Securities Ltd,MYMONEY,Investment Banking & Brokerage
Jakharia Fabric Ltd,JAKHARIA,Textiles
Nakoda Group of Industries Ltd,NGIL,Packaged Foods & Meats
Paramatrix Technologies Ltd,PARAMATRIX,IT Services & Consulting
Identixweb Ltd,IDENTIXWEB,Software Services
IEL Ltd,INDXTRA,Commodities Trading
Arabian Petroleum Ltd,ARABIAN,Commodity Chemicals
Malpani Pipes and Fittings Ltd,MALPANI,Building Products - Others
Anirit Ventures Ltd,ANIRIT,Real Estate
Mirae Asset Nifty India Manufacturing ETF,MAKEINDIA,Equity
Choice Gold ETF,CHOICEGOLD,Gold
Vigor Plast India Ltd,VIGOR,Building Products - Pipes
Royal India Corporation Ltd,ROYALIND,Commodity Chemicals
Betex India Ltd,BETXIND,Textiles
Nrb Industrial Bearings Ltd,NIBL,Industrial Machinery
Ravileela Granites Ltd,RALEGRA,Building Products - Granite
Source Natural Foods and Herbal Supplements Ltd,SOURCENTRL,Pharmaceuticals
Terai Tea Co Ltd,TERAI,Tea & Coffee
Digidrive Distributors Ltd,DIGIDRIVE,Online Services
H. M. Electro Mech Ltd,HMEML,Construction & Engineering
Excellent Wires and Packaging Ltd,EXCELLENT,Electrical Components & Equipments
Cranes Software International Ltd,CRANESSOFT,Software Services
Retina Paints Ltd,RETINA,Specialty Chemicals
R R Financial Consultants Ltd,RRFIN,Investment Banking & Brokerage
Team24 Consumer Products Ltd,TEAM24,Packaged Foods & Meats
LCC Infotech Ltd,LCCINFOTEC,IT Services & Consulting
Trust Fintech Ltd,TRUST,Software Services
Srivasavi Adhesive Tapes Ltd,SRIVASAVI,Specialty Chemicals
Kesar Terminals & Infrastructure Ltd,KTIL,Oil & Gas - Storage & Transportation
Silky Overseas Ltd,SILKY,Home Furnishing
Chrome Silicon Ltd,CHROME,Metals - Diversified
Shristi Infrastructure Development Corporation Ltd,SHRISTI,Construction & Engineering
Amwill Health Care Ltd,AMWILL,Health Care Equipment & Supplies
Mirae Asset Nifty Next 50 ETF,NEXT50,Equity
Zenith Drugs Ltd,ZENITHDRUG,Pharmaceuticals
Aditya BSL Silver ETF,SILVER,Silver
Damodar Industries Ltd,DAMODARIND,Textiles
Suntech Infra Solutions Ltd,SUNTECH,Construction & Engineering
Baba Arts Ltd,BABA,Movies & TV Serials
Vilin Bio Med Ltd,VILINBIO,Pharmaceuticals
Banaras Beads Ltd,BANARBEADS,Apparel & Accessories
Rachana Infrastructure Ltd,RILINFRA,Construction & Engineering
Shine Fashions (India) Ltd,SHINEFASH,Textiles
Garment Mantra Lifestyle Ltd,GARMNTMNTR,Textiles
SGL Resources Ltd,SGLRES,Software Services
Gujarat Hotels Ltd,GUJHOTE,"Hotels, Resorts & Cruise Lines"
Virat Crane Industries Ltd,VIRATCRA,Agro Products
Service Care Ltd,SERVICE,Employment Services
Lead Reclaim and Rubber Products Ltd,LRRPL,Tires & Rubber
Trucap Finance Ltd,TRU,Consumer Finance
Bhatia Colour Chem Ltd,BCCL,Specialty Chemicals
Technichem Organics Ltd,TECHNICHEM,Specialty Chemicals
Cadsys (India) Ltd,CADSYS,IT Services & Consulting
Joindre Capital Services Ltd,JOINDRE,Investment Banking & Brokerage
Creative Castings Ltd,CREATIVE,Metals - Iron
Raj Oil Mills Ltd,ROML,Packaged Foods & Meats
Vivid Mercantile Ltd,VIVIDM,Commodities Trading
Adtech Systems Ltd,ADTECH,Electronic Equipments
Kaushalya Logistics Ltd,KLL,Logistics
Marushika Technology Ltd,MARUSHIKA,Communication & Networking
Essex Marine Ltd,ESSEX,FMCG - Foods
Bacil Pharma Ltd,BACPHAR,Pharmaceuticals
Wallfort Financial Services Ltd,WALLFORT,Investment Banking & Brokerage
Icodex Publishing Solutions Ltd,ICODEX,Software Services
Highness Microelectronics Ltd,HIGHNESS,Electronic Equipments
Premium Plast Ltd,PREMIUM,Plastic Products
SKP Securities Ltd,SKPSEC,Investment Banking & Brokerage
Future Market Networks Ltd,FMNL,Real Estate
Lippi Systems Ltd,LIPPISYS,Industrial Machinery
McNally Bharat Engineering Company Ltd,MBECL,Construction & Engineering
Alkosign Ltd,ALKOSIGN,Online Services
Ajooni Biotech Ltd,AJOONI,Pharmaceuticals
Digikore Studios Ltd,DIGIKORE,Animation
Onyx Biotec Ltd,ONYX,Pharmaceuticals
Milton Industries Ltd,MILTON,Wood Products
Rudra Gas Enterprise Ltd,RUDRAGAS,Gas Distribution
Siddhi Cotspin Ltd,SIDDHICOTS,Textiles
Swarnsarita Jewels India Ltd,SWARNSAR,"Precious Metals, Jewellery & Watches"
ICICI Prudential BSE Sensex ETF,SENSEXIETF,Equity
Jetking Infotrain Ltd,JETKINGQ,Education Services
iSERA Lifesciences Ltd,COVIDH,Software Services
Orchasp Ltd,ORCHASP,IT Services & Consulting
Refractory Shapes Ltd,REFRACTORY,Construction & Engineering
Vishal Bearings Ltd,VISHALBL,Industrial Machinery
Mangal Compusolution Ltd,MANGALCOMP,IT Services & Consulting
BN Rathi Securities Ltd,BNRSEC,Investment Banking & Brokerage
Apoorva Leasing Finance and Investment Company Ltd,APOORVA,Specialized Finance
Mysore Petro Chemicals Ltd,MYSORPETRO,Commodity Chemicals
Transwarranty Finance Ltd,TFL,Diversified Financials
Delta Manufacturing Ltd,DELTAMAGNT,Industrial Machinery
Sky Industries Ltd,SKYIND,Textiles
Newjaisa Technologies Ltd,NEWJAISA,Technology Hardware
Filtra Consultants and Engineers Ltd,FILTRA,Environmental Services
G.S. Auto International Ltd,GSAUTO,Auto Parts
Dhansa Labs Ltd,DHANSA,
Securekloud Technologies Ltd,SECURKLOUD,Software Services
Kkalpana Industries (India) Ltd,KKALPANAIND,Specialty Chemicals
Vineet Laboratories Ltd,VINEETLAB,Specialty Chemicals
Mohini Health & Hygiene Ltd,MHHL,Health Care Equipment & Supplies
Teesta Agro Industries Ltd,TEEAI,Fertilizers & Agro Chemicals
Softrak Venture Investment Ltd,SOFTRAKV,Packaged Foods & Meats
HB Portfolio Ltd,HBPOR,Diversified Financials
Surbhi Industries Ltd,SURBHIN,Textiles
Omfurn India Ltd,OMFURN,Home Furnishing
ODigMa Consultancy Solutions Ltd,ODIGMA,Advertising
Paras Petrofils Ltd,PARASPETRO,Textiles
Dutron Polymers Ltd,DUTRON,Building Products - Pipes
Hind Aluminium Industries Ltd,HINDALUMI,Metals - Aluminium
Steelman Telecom Ltd,STML,Telecom Services
Telogica Ltd,TELOGICA,Communication & Networking
AJR Infra & Tolling Ltd,AJRINFRA,Construction & Engineering
Skyline Millars Ltd,SKYLMILAR,Real Estate
Yash Innoventures Ltd,YASHINNO,Construction & Engineering
Shubham Polyspin Ltd,SHUBHAM,Textiles
Everlon Financials Ltd,EVERFIN,Specialized Finance
Genpharmasec Ltd,GENPHARMA,Commodities Trading
JFL Life Sciences Ltd,JFLLIFE,Pharmaceuticals
Bombay Cycle and Motor Agency Ltd,BOMBCYC,Conglomerates
Ansal Buildwell Ltd,ANSALBU,Real Estate
Conart Engineers Ltd,CONART,Construction & Engineering
Anmol India Ltd,ANMOL,Commodities Trading
Kemistar Corporation Ltd,KEMISTAR,Commodity Chemicals
Sundaram Multi Pap Ltd,SUNDARAM,Paper Products
Samay Project Services Ltd,SAMAY,Construction & Engineering
Atlas Cycles (Haryana) Ltd,ATLASCYCLE,Cycles
Agri-Tech (India) Ltd,AGRITECH,Agro Products
Sunil Healthcare Ltd,SUNLOC,Pharmaceuticals
SPA Capital Advisors Ltd,SPACAPS,Diversified Financials
Royal Sense Ltd,ROYAL,Health Care Equipment & Supplies
Marco Cables & Conductors Ltd,MARCO,Cables
K2 Infragen Ltd,K2INFRA,Construction & Engineering
Sangani Hospitals Ltd,SANGANI,Hospitals & Diagnostic Centres
Samrat Pharmachem Ltd,SAMRATPH,Commodity Chemicals
Winsome Breweries Ltd,WINSOMBR,Alcoholic Beverages
Ceeta Industries Ltd,CEETAIN,FMCG - Foods
Future Consumer Ltd,FCONSUMER,FMCG - Foods
AVSL Industries Ltd,AVSL,Specialty Chemicals
Odyssey Corporation Ltd,ODYCORP,Conglomerates
Odyssey Technologies Ltd,ODYSSEY,Software Services
Alliance Integrated Metaliks Ltd,AIML,Building Products - Prefab Structures
Universal Autofoundry Ltd,UNIAUTO,Auto Parts
E-Land Apparel Ltd,ELAND,Apparel & Accessories
Cambridge Technology Enterprises Ltd,CTE,IT Services & Consulting
SBI Silver ETF,SBISILVER,Silver
Hiliks Technologies Ltd,HILIKS,IT Services & Consulting
Nexxus Petro Industries Ltd,NEXXUS,Commodity Chemicals
Oceanic Foods Ltd,OCEANIC,Agro Products
Agro Phos (India) Ltd,AGROPHOS,Fertilizers & Agro Chemicals
Shree Rajasthan Syntex Ltd,SHRAJSYNQ,Textiles
Brace Port Logistics Ltd,BRACEPORT,Logistics
Trescon Ltd,TRESCON,Real Estate
Supreme Facility Management Ltd,SFML,Business Support Services
Ceejay Finance Ltd,CEEJAY,Consumer Finance
Moving Media Entertainment Ltd,MMEL,Business Support Services
Saj Hotels Ltd,SAJHOTELS,"Hotels, Resorts & Cruise Lines"
Banas Finance Ltd,BANASFN,Specialized Finance
Gowra Leasing and Finance Ltd,GOWRALE,Consumer Finance
Gayatri Sugars Ltd,GAYATRI,Sugar
Elixir Capital Ltd,ELIXIR,Diversified Financials
Yuvraaj Hygiene Products Ltd,YUVRAAJHPL,FMCG - Household Products
Sunsky Logistics Ltd,SUNSKY,Logistics
Kothari Fermentation and Biochem Ltd,KFBL,Agro Products
Apollo Ingredients Ltd,APOLLOIN,Hospitals & Diagnostic Centres
Shreeji Translogistics Ltd,STL,Logistics
Riba Textiles Ltd,RIBATEX,Textiles
KSR Footwear Ltd,KSR,Footwear
BAMPSL Securities Ltd,BAMPSL,Diversified Financials
Hilltone Software and Gases Ltd,HILLTONE,Industrial Machinery
Naman Industries Proxima Ltd,NAMAN,Business Support Services
Asston Pharmaceuticals Ltd,APL,Pharmaceuticals
Khaitan (India) Ltd,KHAITANLTD,Sugar
Osia Hyper Retail Ltd,OSIAHYPER,Retail - Department Stores
Axis NIFTY IT ETF,AXISTECETF,Equity
Royale Manor Hotels and Industries Ltd,RAYALEMA,"Hotels, Resorts & Cruise Lines"
Kreon Finnancial Services Ltd,KREONFIN,Consumer Finance
Gujarat Cotex Ltd,GUJCOTEX,Textiles
Orient Press Ltd,ORIENTLTD,Packaging
Bajaj Finserv Nifty 50 ETF,NIFTYBETF,Equity
Classic Leasing & Finance Ltd,CLFL,Diversified Financials
Lakhotia Polyesters (India) Ltd,LAKHOTIA,Textiles
Hariyana Ship Breakers Ltd,HRYNSHP,Commodities Trading
Blue Coast Hotels Ltd,BLUECOAST,"Hotels, Resorts & Cruise Lines"
Trident Texofab Ltd,TTFL,Textiles
Ashnoor Textile Mills Ltd,ASHNOOR,Textiles
ANI Integrated Services Ltd,AISL,Construction & Engineering
Jigar Cables Ltd,JIGAR,Cables
Dhanalaxmi Roto Spinners Ltd,DHANROTO,Textiles
Autofurnish Ltd,AFLTD,
Sharika Enterprises Ltd,SHARIKA,Construction & Engineering
Luxury Time Ltd,LUXURY,"Precious Metals, Jewellery & Watches"
Jupiter Infomedia Ltd,JUPITERIN,Publishing
Mirae Asset Nifty 1D Rate Liquid ETF - IDCW,LIQUID,Debt
GACM Technologies Ltd,GATECH,Stock Exchanges & Ratings
Tirupati Innovar Ltd,TIRUPATIIN,Tires & Rubber
AJC Jewel Manufacturers Ltd,AJCJEWEL,"Precious Metals, Jewellery & Watches"
Mega Corp Ltd,MEGACOR,Diversified Financials
Garg Furnace Ltd,GARGFUR,Iron & Steel
We Win Ltd,WEWIN,Outsourced services
Chiraharit Ltd,CHIRAHARIT,Construction & Engineering
Unique Organics Ltd,UNIQUEO,Packaged Foods & Meats
Kesar Enterprises Ltd,KESARENT,Sugar
Punjab Communications Ltd,PUNJCOMMU,Telecom Equipments
Spright Agro Ltd,SPRIGHT,Agro Products
Star Housing Finance Ltd,STARHFL,Consumer Finance
Palco Metals Ltd,PALCO,Metals - Diversified
Baweja Studios Ltd,BAWEJA,Movies & TV Serials
Aeonx Digital Technology Ltd,AEONXDIGI,IT Services & Consulting
Cranex Ltd,CRANEX,Industrial Machinery
Ansal Properties and Infrastructure Ltd,ANSALAPI,Real Estate
Royal Cushion Vinyl Products Ltd,ROYALCU,Building Products - Glass
Balkrishna Paper Mills Ltd,BALKRISHNA,Paper Products
Vruddhi Engineering Works Ltd,VRUDDHI,Construction & Engineering
Real Touch Finance Ltd,RTFL,Diversified Financials
Palred Technologies Ltd,PALREDTEC,IT Services & Consulting
BDR Buildcon Ltd,BDR,Real Estate
Regis Industries Ltd,REGIS,Business Support Services
Nippon India ETF Nifty 50 Value 20,NV20BEES,Equity
Jayant Infratech Ltd,JAYANT,Construction & Engineering
Safa Systems & Technologies Ltd,SSTL,Telecom Services
Mishka Exim Ltd,MISHKA,Commodities Trading
Shree Hari Chemicals Export Ltd,SHHARICH,Specialty Chemicals
Edelweiss Nifty LargeMidcap 250 ETF,ELM250,Equity
Prime Property Development Corp Ltd,PRIMEPRO,Real Estate
Rajgor Castor Derivatives Ltd,RCDL,Commodity Chemicals
3P Land Holdings Ltd,3PLAND,Real Estate
Manav Infra Projects Ltd,MANAV,Construction & Engineering
Dar Credit & Capital Ltd,DCCL,Consumer Finance
Paramount Speciality Forgings Ltd,PSFL,Industrial Machinery
Shiva Mills Ltd,SHIVAMILLS,Textiles
Ganesha Ecoverse Ltd,GANVERSE,Plastic Products
Burnpur Cement Ltd,BURNPUR,Cement
ICDS Ltd,ICDSLTD,Diversified Financials
Arman Holdings Ltd,ARMAN,Diversified Financials
Elegant Marbles and Grani Industries Ltd,ELEMARB,Building Products - Granite
Starlog Enterprises Ltd,STARLOG,Construction & Engineering
Priti International Ltd,PRITI,Home Furnishing
Mantra Capital Ltd,MANTRA,Specialized Finance
Rajasthan Tube Manufacturing Co Ltd,RAJTUBE,Building Products - Pipes
Suvidhaa Infoserve Ltd,SUVIDHAA,Online Services
Hira Automobiles Ltd,HIRAUTO,Four Wheelers
Biofil Chemicals and Pharmaceuticals Ltd,BIOFILCHEM,Pharmaceuticals
Bridge Securities Ltd,BRIDGESE,Investment Banking & Brokerage
NCL Research and Financial Services Ltd,NCLRESE,Diversified Financials
Divyadhan Recycling Industries Ltd,DIVYADHAN,Textiles
Jamshri Realty Ltd,JAMSHRI,Real Estate
Malu Paper Mills Ltd,MALUPAPER,Paper Products
Aditya Ultra Steel Ltd,AUSL,Iron & Steel
DhanSafal Finserve Ltd,DHANSAFAL,Specialized Finance
Fortune International Ltd,FORINTL,Conglomerates
Graphisads Ltd,GRAPHISAD,Advertising
S A Tech Software India Ltd,SATECH,IT Services & Consulting
Groww Nifty EV & New Age Automotive ETF,GROWWEV,Equity
Srigee DLM Ltd,SRIGEE,Industrial Machinery
Teamo Productions HQ Ltd,TPHQ,Construction & Engineering
VMS Industries Ltd,VMS,Shipbuilding
Sonu Infratech Ltd,SONUINFRA,Construction & Engineering
Viji Finance Ltd,VIJIFIN,Specialized Finance
Dhanlaxmi Cotex Ltd,DHANCOT,Labs & Life Sciences Services
Phaarmasia Ltd,PHRMASI,Pharmaceuticals
Shlokka Dyes Limited,SHLOKKA,Specialty Chemicals
Pranik Logistics Ltd,PRANIK,Logistics
Facor Alloys Ltd,FACORALL,Iron & Steel
Gayatri Highways Ltd,GAYAHWS,Construction & Engineering
Unisem Agritech Ltd,UNISEM,Seeds
Victoria Mills Ltd,VICTMILL,Real Estate
Diligent Industries Ltd,DILIGENT,Packaged Foods & Meats
Shelter Pharma Ltd,SHELTER,Pharmaceuticals
Dhruv Consultancy Services Ltd,DHRUV,Construction & Engineering
Acrow India Ltd,ACROW,Industrial Machinery
Bandaram Pharma Packtech Ltd,BANDARAM,Paper Products
Shayona Engineering Ltd,SHAYONAENG,FMCG - Household Products
Constronics Infra Ltd,CONSTRONIC,Construction & Engineering
Rollatainers Ltd,ROLLT,Packaging
Krypton Industries Ltd,KRYPTONQ,Tires & Rubber
Vivimed Labs Ltd,VIVIMEDLAB,Specialty Chemicals
Studio LSD Ltd,STUDIOLSD,Animation
NFP Sampoorna Foods Ltd,NFPSAMPOOR,FMCG - Foods
Neptune Logitek Ltd,NEPLOG,Logistics
Kabra Drugs Ltd,KABRADG,Pharmaceuticals
Yash Chemex Ltd,YASHCHEM,Commodities Trading
Supertech EV Ltd,SEVL,Three Wheelers
Capfin India Ltd,CAPFIN,Diversified Financials
Ahlada Engineers Ltd,AHLADA,Home Furnishing
Ladderup Finance Ltd,LADDERUP,Investment Banking & Brokerage
Abha Power and Steel Ltd,ABHAPOWER,Iron & Steel
Delta Autocorp Ltd,DELTIC,Two Wheelers
Kasturi Metal Composite Ltd,KASTURI,Building Products - Others
Arvind Port and Infra Ltd,ARVINDPORT,Logistics
Bang Overseas Ltd,BANG,Apparel & Accessories
Roni Households Ltd,RONI,Plastic Products
Homre Ltd,HOM,IT Services & Consulting
Cargotrans Maritime Ltd,CARGOTRANS,Logistics
Grovy India Ltd,GROVY,Real Estate
Smiths & Founders (India) Ltd,SMFIL,Iron & Steel
Hardcastle and Waud Manufacturing Co Ltd,HARDCAS,Commodity Chemicals
Trom Industries Ltd,TROM,Renewable Energy Equipment & Services
SSMD Agrotech India Ltd,SSMD,FMCG - Foods
Austere Systems Ltd,AUSTERE,Software Services
ICICI Prudential BSE Midcap Select ETF,MIDSELIETF,Equity
DK Enterprises Global Ltd,DKEGL,Packaging
Electro Force (India) Ltd,EFORCE,Electronic Equipments
Dhatre Udyog Ltd,DHATRE,"Precious Metals, Jewellery & Watches"
Futuristic Solutions Ltd,FUTSOL,Diversified Financials
Envair Electrodyne Ltd,ENVAIREL,Industrial Machinery
Shipwaves Online Ltd,SHIPWAVES,Logistics
Saboo Sodium Chloro Ltd,SABOOSOD,Packaged Foods & Meats
VSF Projects Ltd,VSFPROJ,Construction & Engineering
Marg Techno-Projects Ltd,MTPL,Diversified Financials
Axel Polymers Ltd,AXELPOLY,Commodity Chemicals
Three M Paper Boards Ltd,THREEMPAPE,Packaging
Groww Nifty India Defence ETF,GROWWDEFNC,Equity
Adroit Infotech Ltd,ADROITINFO,IT Services & Consulting
Mefcom Capital Markets Ltd,MEFCOMCAP,Investment Banking & Brokerage
Aimco Pesticides Ltd,AIMCOPEST,Fertilizers & Agro Chemicals
ARC Insulation & Insulators Ltd,ARCIIL,Building Products - Others
Vivo Bio Tech Ltd,VIVOBIOT,Biotechnology
Warren Tea Ltd,WARRENTEA,Agro Products
Swastik Pipe Ltd,SWASTIK,Iron & Steel
Italian Edibles Ltd,ITALIANE,Packaged Foods & Meats
Umiya Tubes Ltd,UMIYA,Iron & Steel
ZR2 Bioenergy Ltd,ZR2,Renewable Energy
Prudential Sugar Corp Ltd,PRUDMOULI,Sugar
Vasundhara Rasayans Ltd,VRL,Pharmaceuticals
Dindigul Farm Product Ltd,DFPL,Building Products - Ceramics
Aastamangalam Finance Ltd,AASTAFIN,Specialized Finance
DSP Nifty 50 Equal Weight ETF,EQUAL50ADD,Equity
Modern Engineering and Projects Ltd,MEAPL,Agro Products
SOFCOM Systems Ltd,SOFCOM,IT Services & Consulting
Modipon Ltd,MODIPON,Real Estate
Ultra Wiring Connectivity Systems Ltd,UWCSL,Auto Parts
Karma Energy Ltd,KARMAENG,Renewable Energy
Cybele Industries Ltd,CYBELEIND,Building Products - Others
USG Tech Solutions Ltd,USGTECH,IT Services & Consulting
HDFC Nifty 1D Rate Liquid ETF - Growth,HDFCLIQUID,Debt
Perfectpac Ltd,PERFEPA,Packaging
Rapid Multimodal Logistics Ltd,RAPID,Logistics
UTI Nifty Bank ETF,BANKBETA,Equity
SVP Global Textiles Ltd,SVPGLOB,Textiles
Shanmuga Hospital Ltd,SHANMUGA,Hospitals & Diagnostic Centres
Axis NIFTY Healthcare ETF,AXISHCETF,Equity
Vishwas Agri Seeds Ltd,VISHWAS,Seeds
Vinny Overseas Ltd,VINNY,Textiles
Sona Machinery Ltd,SONAMAC,Agro Products
Presstonic Engineering Ltd,PRESSTONIC,Construction & Engineering
Aditya Birla Sun Life CRISIL Liquid Overnight ETF,ABSLLIQUID,Equity
Le Lavoir Ltd,LELAVOIR,Business Support Services
Phosphate Company Ltd,PHOSPHATE,Fertilizers & Agro Chemicals
Caspian Corporate Services Ltd,CASPIAN,Business Support Services
Raghuvansh Agrofarms Ltd,RAFL,Agro Products
Eforu Entertainment Ltd,EFORU,"Precious Metals, Jewellery & Watches"
Morgan Ventures Ltd,MORGAN,Investment Banking & Brokerage
Gujarat Poly Electronics Ltd,GUJARATPOLY,Electronic Equipments
Dangee Dums Ltd,DANGEE,FMCG - Foods
Shekhawati Industries Ltd,SHEKHAWATI,Textiles
Deccan Transcon Leasing Ltd,DECCANTRAN,Logistics
PVV Infra Ltd,PVVINFRA,Construction & Engineering
Axis Nifty 50 ETF,AXISNIFTY,Equity
Dhanlaxmi Crop Science Ltd,DHANLAXMI,Seeds
Hybrid Financial Services Ltd,HYBRIDFIN,Business Support Services
Flex Foods Ltd,FLEXFO,Agro Products
Rodium Realty Ltd,RODIUM,Real Estate
Callista Industries Ltd,CALLISTA,Real Estate
Celebrity Fashions Ltd,CELEBRITY,Apparel & Accessories
Phoenix International Ltd,PHOENXINTL,Footwear
AKI India Ltd,AKI,Apparel & Accessories
Danube Industries Ltd,DANUBE,Paper Products
ATC Energies System Ltd,ATCENERGY,Batteries
Roopshri Resorts Ltd,ROOPSHRI,"Hotels, Resorts & Cruise Lines"
Isl Consulting Ltd,ISLCONSUL,Investment Banking & Brokerage
Kaizen Agro Infrabuild Ltd,KAIZENAGRO,Agro Products
Veerhealth Care Ltd,VEERHEALTH,Pharmaceuticals
Nanavati Ventures Ltd,NVENTURES,"Precious Metals, Jewellery & Watches"
GANGA Bath Fittings Ltd,GANGABATH,Building Products - Others
Sambandam Spinning Mills Ltd,SAMBANDAM,Textiles
Pulz Electronics Ltd,PULZ,Electronic Equipments
Shree Pacetronix Ltd,SHREEPAC,Health Care Equipment & Supplies
LGT Global Hospitality Ltd,LGT,Tour & Travel Services
Shreyas Intermediates Ltd,SHREYASI,Specialty Chemicals
Growington Ventures India Ltd,GROWINGTON,Agro Products
Gujarat Craft Industries Ltd,GUJCRAFT,Plastic Products
Sam Industries Ltd,SAMINDUS,Real Estate
Sacheta Metals Ltd,SACHEMT,Housewares
IFL Enterprises Ltd,IFL,Textiles
Archies Ltd,ARCHIES,Retail - Speciality
Ansal Housing Ltd,ANSALHSG,Real Estate
Mac Hotels Ltd,MACH,"Hotels, Resorts & Cruise Lines"
Ravi Kumar Distilleries Ltd,RKDL,Alcoholic Beverages
Aditya Consumer Marketing Ltd,ACML,Retail - Speciality
Shalimar Productions Ltd,SHALPRO,Movies & TV Serials
ICICI Pru Nifty Financial Services Ex-Bank ETF,FINIETF,Equity
Amkay Products Ltd,AMKAY,Health Care Equipment & Supplies
ARC Finance Ltd,ARCFIN,Investment Banking & Brokerage
PAN HR Solution Ltd,PANHR,Employment Services
VL Infraprojects Ltd,VLINFRA,Water Management
Popular Foundations Ltd,PFL,Construction & Engineering
Sameera Agro and Infra Ltd,SAIFL,Construction & Engineering
Rolcon Engineering Company Ltd,ROLCOEN,Industrial Machinery
3B Films Ltd,3BFILMS,Plastic Products
Rithwik Facility Management Services Ltd,RITHWIKFMS,Business Support Services
Seacoast Shipping Services Ltd,SEACOAST,Logistics
Divyashakti Ltd,DIVSHKT,Building Products - Granite
Aatmaj Healthcare Ltd,AATMAJ,Hospitals & Diagnostic Centres
Snehaa Organics Ltd,SNEHAA,Specialty Chemicals
ICICI Pru Nifty Alpha Low- Volatility 30 ETF,ALPL30IETF,Equity
Ind Bank Housing Ltd,INDBNK,Consumer Finance
Defrail Technologies Ltd,DEFRAIL,Building Products - Ceramics
Netlink Solutions (India) Ltd,NETLINK,IT Services & Consulting
Welcast Steels Ltd,ZWELCAST,Metals - Diversified
Lerthai Finance Ltd,LERTHAI,Diversified Financials
Kalyan Capitals Ltd,KALYANCAP,Consumer Finance
Vedavaag Systems Ltd,VEDAVAAG,Software Services
Minal Industries Ltd,MINALIND,"Precious Metals, Jewellery & Watches"
Panafic Industrials Ltd,PANAFIC,Diversified Financials
Aditya BSL Nifty Healthcare ETF,HEALTHY,Equity
Kotak Silver ETF,SILVER1,Silver
Storage Technologies and Automation Ltd,STAL,Building Products - Others
Misquita Engineering Ltd,MISQUITA,Industrial Machinery
Ritesh International Ltd,RITESHIN,Commodity Chemicals
Capital Trust Ltd,CAPTRUST,Consumer Finance
Anjani Foods Ltd,ANJANIFOODS,Restaurants & Cafes
Oriental Trimex Ltd,ORIENTALTL,Cement
Vista Pharmaceuticals Ltd,VISTAPH,Pharmaceuticals
Austin Engineering Company Ltd,AUSTENG,Industrial Machinery
SunGarner Energies Ltd,SEL,Renewable Energy Equipment & Services
Sanchay Finvest Ltd,SANCF,Investment Banking & Brokerage
Akash Infra-Projects Ltd,AKASH,Construction & Engineering
Mask Investments Ltd,MASKINVEST,Investment Banking & Brokerage
Chamunda Electrical Ltd,CHAMUNDA,Power Generation
Salem Erode Investments Ltd,SALEM,Investment Banking & Brokerage
Mohite Industries Ltd,MOHITE,Textiles
SBI Nifty 200 Quality 30 ETF,SBIETFQLTY,Equity
Auri Grow India Ltd,AURIGROW,Cables
Solitaire Machine Tools Ltd,SOLIMAC,Industrial Machinery
Sita Enterprises Ltd,SITAENT,Diversified Financials
Real Eco Energy Ltd,REALECO,Real Estate
Relicab Cable Manufacturing Ltd,RELICAB,Cables
Shri Kanha Stainless Ltd,SHRIKANHA,Building Products - Others
Sri Chakra Cement Ltd,SRICC,Cement
Sodhani Capital Ltd,SODHACAP,Asset Management
Magnus Steel and Infra Ltd,MAGNUS,IT Services & Consulting
Incap Ltd,INCAP,Electronic Equipments
CCL International Ltd,CCLINTER,Construction & Engineering
Bombay Metrics Supply Chain Ltd,BMETRICS,Logistics
AD- Manum Finance Ltd,ADMANUM,Specialized Finance
Avax Apparels and Ornaments Ltd,AVAX,Apparel & Accessories
Pratik Panels Ltd,PRATIK,Commodities Trading
Eighty Jewellers Ltd,EIGHTY,"Precious Metals, Jewellery & Watches"
Mahip Industries Ltd,MAHIP,Packaging
Mangalam Drugs and Organics Ltd,MANGALAM,Pharmaceuticals
NAM Securities Ltd,NAM,Investment Banking & Brokerage
Polylink Polymers (India) Ltd,POLYLINK,Commodity Chemicals
Ruparel Food Products Ltd,RFL,Consumer Finance
Kanishk Aluminium India Ltd,KANISHK,Building Products - Others
Wires and Fabriks (SA) Ltd,WIREFABR,Industrial Machinery
Rajnish Wellness Ltd,RAJNISH,FMCG - Personal Products
Rexpro Enterprises Ltd,REXPRO,Business Support Services
Orient Beverages Ltd,ORIBEVER,Soft Drinks
Helloji Holidays Ltd,HELLOJI,Tour & Travel Services
Newmalayalam Steel Ltd,NMSTEEL,Building Products - Others
Share Samadhan Ltd,SSL,Specialized Finance
India Home Loan Ltd,INDIAHOME,Home Financing
Deem Roll Tech Ltd,DEEM,Iron & Steel
Pentagon Rubber Ltd,PENTAGON,Auto Parts
Simandhar Impex Ltd,SIMANDHAR,"Precious Metals, Jewellery & Watches"
Parmeshwari Silk Mills Ltd,PARMSILK,Textiles
Olatech Solutions Ltd,OLATECH,Software Services
TSC India Ltd,TSC,Tour & Travel Services
Stanbik Agro Ltd,STANBIK,Agro Products
Mittal Life Style Ltd,MITTAL,Textiles
Srestha Finvest Ltd,SRESTHA,Diversified Financials
PCS Technology Ltd,PCS,IT Services & Consulting
KMS Medisurgi Ltd,KMSMEDI,Health Care Equipment & Supplies
Jindal Hotels Ltd,JINDHOT,"Hotels, Resorts & Cruise Lines"
Gurunanak Agriculture India Ltd,GURUNANAK,Agricultural & Farm Machinery
Manugraph India Ltd,MANUGRAPH,Industrial Machinery
Sagardeep Alloys Ltd,SAGARDEEP,Metals - Diversified
Swashthik Plascon Ltd,SPL,Plastic Products
Zerodha Nifty 1D Rate Liquid ETF,LIQUIDCASE,Debt
AccelerateBS India Ltd,ACCELERATE,Software Services
Nova Iron and Steel Ltd,NOVIS,Iron & Steel
Sai Capital Ltd,SAICAPI,Investment Banking & Brokerage
Sagarsoft (India) Ltd,SAGARSOFT,IT Services & Consulting
Lee & Nee Softwares (Exports) Ltd,LEENEE,IT Services & Consulting
Tamilnadu Telecommunication Ltd,TNTELE,Telecom Equipments
Golden Tobacco Ltd,GOLDENTOBC,FMCG - Tobacco
Abm International Ltd,ABMINTLLTD,Plastic Products
Kontor Space Ltd,KONTOR,Business Support Services
Shining Tools Ltd,SHTL,Industrial Machinery
Victory Electric Vehicles International Ltd,VICTORYEV,Three Wheelers
GTN Industries Ltd,GTNINDS,Textiles
Lakshmi Finance and Industrial Corp Ltd,LFIC,Diversified Financials
Jhandewalas Foods Ltd,JFL,Packaged Foods & Meats
Toss The Coin Ltd,TTC,Oil & Gas - Refining & Marketing
Key Corp Ltd,KEYCORP,Consumer Finance
Baba Food Processing (India) Ltd,BABAFP,Agro Products
SBI NIFTY 1D Rate Liquid ETF - Growth,SBILIQETF,Debt
K G Denim Ltd,KGDENIM,Textiles
Sainik Finance & Industries Ltd,SAINIK,Specialized Finance
Superior Industrial Enterprises Ltd,SIEL,Packaging
Chandni Machines Ltd,CHANDNIMACH,Commodities Trading
Goldline Pharmaceutical Ltd,GLPL,Pharmaceuticals
Motilal Oswal Nifty 50 ETF,MOM50,Equity
Toyam Sports Ltd,TOYAMSL,Diversified Financials
Mohit Paper Mills Ltd,MOHITPPR,Paper Products
Annvrridhhi Ventures Ltd,ANVRDHI,Agro Products
Taparia Tools Ltd,TAPARIA,Industrial Machinery
Rajnish Retail Ltd,RRETAIL,"Precious Metals, Jewellery & Watches"
Spinaroo Commercial Ltd,SPINAROO,Packaging
Zodiac-JRD-MKJ Ltd,ZODJRDMKJ,"Precious Metals, Jewellery & Watches"
Metal Coatings (India) Ltd,METALCO,Iron & Steel
SBI Nifty Next 50 ETF,SETFNN50,Equity
Camex Ltd,CAMEXLTD,Specialty Chemicals
Grameva Ltd,GRAMEVA,Agro Products
Sri KPR Industries Ltd,SRIKPRIND,Building Products - Pipes
Relic Technologies Ltd,RELICTEC,Diversified Financials
Sandu Pharmaceuticals Ltd,SANDUPHQ,FMCG - Personal Products
Dhanlaxmi Fabrics Ltd,DHANFAB,Textiles
MKP Mobility Ltd,MKPMOB,Auto Parts
Nirmitee Robotics India Ltd,NIRMITEE,Education Services
Happy Square Outsourcing Services Ltd,WHITEFORCE,Employment Services
Crestchem Ltd,CRSTCHM,Specialty Chemicals
Pan India Corp Ltd,PANINDIAC,Diversified Financials
ICICI Prudential Nifty Midcap 150 ETF,MIDCAPIETF,Equity
Artefact Projects Ltd,ARTEFACT,Construction & Engineering
Roopa Industries Ltd,ROOPAIND,Specialty Chemicals
Icon Facilitators Ltd,ICON,Business Support Services
Shiva Global Agro Industries Ltd,SHIVAAGRO,Fertilizers & Agro Chemicals
MM Rubber Company Ltd,MMRUBBR-B,Home Furnishing
Genus Prime Infra Ltd,GENUSPRIME,Real Estate
SVC Industries Ltd,SVCIND,Commodity Chemicals
Synoptics Technologies Ltd,SYNOPTICS,IT Services & Consulting
H P Cotton Textile Mills Ltd,HPCOTTON,Textiles
Rasi Electrodes Ltd,RASIELEC,Agricultural & Farm Machinery
Arex Industries Ltd,AREXMIS,Textiles
Tirupati Foam Ltd,TIRUFOAM,Home Furnishing
Picturehouse Media Ltd,PICTUREHS,Movies & TV Serials
Ambica Agarbathies Aroma & Industries Ltd,AMBICAAGAR,Specialty Chemicals
Standard Surfactants Ltd,STDSFAC,FMCG - Household Products
Kotak Nifty 50 Value 20 ETF,NV20,Equity
Sugal and Damani Share Brokers Ltd,SUGALDAM,Investment Banking & Brokerage
RKD Agri & Retail Ltd,RKDAGRRTL,Retail - Speciality
Rasandik Engineering Industries India Ltd,RASANDIK,Auto Parts
Continental Securities Ltd,CSL,Investment Banking & Brokerage
Simplex Realty Ltd,SIMPLXREA,Real Estate
Nippon India ETF Nifty 5 yr Benchmark G-Sec,GILT5YBEES,Debt
Rose Merc Ltd,ROSEMER,Commodities Trading
BSEL Algo Ltd,BSELALGO,Investment Banking & Brokerage
Khyati Global Ventures Ltd,KGVL,Food Distributors
Artemis ADR Marketplace Ltd,JETMALL,FMCG - Foods
Archidply Decor Ltd,ADL,Wood Products
UMA Converter Ltd,UMA,Packaging
Super Crop Safe Ltd,SUCROSA,Commodity Chemicals
Walchand Peoplefirst Ltd,WALCHPF,Education Services
Nettlinx Ltd,NETTLINX,IT Services & Consulting
Five Core Electronics Ltd,FIVECORE,Electronic Equipments
Seya Industries Ltd,SEYAIND,Specialty Chemicals
National Plastic Industries Ltd,NATPLAS,Plastic Products
Gokak Textiles Ltd,GOKAKTEX,Textiles
Cerebra Integrated Technologies Ltd,CEREBRAINT,Technology Hardware
U H Zaveri Ltd,UHZAVERI,"Precious Metals, Jewellery & Watches"
Madhucon Projects Ltd,MADHUCON,Construction & Engineering
Grand Foundry Ltd,GFSTEELS,Iron & Steel
Greenleaf Envirotech Ltd,GREENLEAF,Environmental Services
Abram Food Ltd,ABRFL,FMCG - Foods
B2B Software Technologies Ltd,B2BSOFT,Software Services
Prism Medico and Pharmacy Ltd,PRISMMEDI,Agro Products
Jet Knitwears Ltd,JETKNIT,Apparel & Accessories
Alfa Transformers Ltd,ALFATRAN,Heavy Electrical Equipments
P B M Polytex Ltd,PBMPOLY,Textiles
Sarup Industries Ltd,SARUPINDUS,Footwear
Rulka Electricals Ltd,RULKA,Heavy Electrical Equipments
Ashoka Metcast Ltd,ASHOKAMET,Commodities Trading
Tusaldah Ltd,TUSALDAH,Apparel & Accessories
Anupam Finserv Ltd,ANUPAM,Consumer Finance
Murae Organisor Ltd,MURAE,Fertilizers & Agro Chemicals
Sundrex Oil Company Limited,SOCL,Commodity Chemicals
Country Condo's Ltd,COUNCODOS,Real Estate
N K Industries Ltd,NKIND,Packaged Foods & Meats
Amit Securities Ltd,AMITSEC,Commodities Trading
Nirman Agri Genetics Ltd,NIRMAN,Agro Products
JMJ Fintech Ltd,JMJFIN,Education Services
Madhusudan Securities Ltd,MADHUSE,Investment Banking & Brokerage
Diana Tea Co Ltd,DIANATEA,Tea & Coffee
Lasa Supergenerics Ltd,LASA,Pharmaceuticals
Ajcon Global Services Ltd,AJCON,Diversified Financials
Scan Projects Ltd,SCANPRO,Industrial Machinery
HB Stockholdings Ltd,HBSL,Investment Banking & Brokerage
Aro Granite Industries Ltd,AROGRANITE,Building Products - Granite
Sylph Industries Ltd,SYLPH,IT Services & Consulting
KKV Agro Powers Ltd,KKVAPOW,Renewable Energy
Shaival Reality Ltd,SHAIVAL,Real Estate
Subhash Silk Mills Ltd,SUBSM,Textiles
Blue Pebble Ltd,BLUEPEBBLE,Construction & Engineering
Vertexplus Technologies Ltd,VERTEXPLUS,IT Services & Consulting
Jagan Lamps Ltd,JAGANLAM,Auto Parts
Raminfo Ltd,RAMINFO,Software Services
Biogen Pharmachem Industries Ltd,BIOGEN,Biotechnology
N G Industries Ltd,NGIND,Hospitals & Diagnostic Centres
Chandra Prabhu International Ltd,CHANDRAP,Commodities Trading
Bohra Industries Ltd,BOHRAIND,Fertilizers & Agro Chemicals
Gem Spinners India Ltd,GEMSPIN,Textiles
ANG Lifesciences India Ltd,ANG,Pharmaceuticals
Parle Industries Ltd,PARLEIND,Commodities Trading
Mittal Sections Ltd,MITTALSTL,Building Products - Others
Sudal Industries Ltd,SUDAI,Metals - Aluminium
Vantage Knowledge Academy Ltd,VKAL,Publishing
Medi-Caps Ltd,MEDICAPQ,Pharmaceuticals
Suryaamba Spinning Mills Ltd,SURYAAMBA,Textiles
Citadel Realty and Developers Ltd,CITADEL,Real Estate
Rex Sealing & Packing Industries Ltd,REXSEAL,Specialty Chemicals
Unilex Colours and Chemicals Ltd,UNILEX,Commodity Chemicals
Falcon Technoprojects India Ltd,FALCONTECH,Construction & Engineering
Manoj Jewellers Ltd,MANOJJEWEL,Retail - Speciality
Mirae Asset Nifty MidSmallcap400 Momentum Q100 ETF,MIDSMALL,Equity
Faalcon Concepts Ltd,FAALCON,Construction & Engineering
Galactico Corporate Services Ltd,GALACTICO,Diversified Financials
Glance Finance Ltd,GLANCE,Investment Banking & Brokerage
Lexus Granito (India) Ltd,LEXUS,Building Products - Ceramics
Hrh Next Services Ltd,HRHNEXT,Business Support Services
Shreeshay Engineers Ltd,SHREESHAY,Real Estate
TCM Ltd,TCMLMTD,Commodity Chemicals
Travels & Rentals Ltd,TRAVELS,Tour & Travel Services
Evans Electric Ltd,EVANS,Business Support Services
Mirae Asset Nifty Metal ETF,METAL,Equity
National Oxygen Ltd,NOL,Commodity Chemicals
Tarapur Transformers Ltd,TARAPUR,Heavy Electrical Equipments
Supra Trends Ltd,SUPRATRE,Apparel & Accessories
Pearl Green Clubs and Resorts Ltd,PGCRL,Agro Products
IEC Education Ltd,IECEDU,Education Services
Kretto Syscon Ltd,KRETTOSYS,IT Services & Consulting
Kay Power and Paper Ltd,KAYPOWR,Paper Products
Bhanderi Infracon Ltd,BHANDERI,Real Estate
Cyber Media India Ltd,CYBERMEDIA,Publishing
Arigato Universe Ltd,ARIGATO,Construction & Engineering
Akshar Spintex Ltd,AKSHAR,Textiles
Pankaj Polymers Ltd,PANKAJPO,Packaging
Agni Green Power Ltd,AGNI,Renewable Energy
Panjon Ltd,PANJON,Pharmaceuticals
Poona Dal and Oil Industries Ltd,POONADAL,Agro Products
SBI Nifty 10 yr Benchmark G-Sec ETF,SETF10GILT,Debt
Associated Ceramics Ltd,ASSOCER,Building Products - Others
Tatia Global Vennture Ltd,TATIAGLOB,Textiles
City Crops Agro Ltd,CCAL,Building Products - Granite
AKG Exim Ltd,AKG,Commodities Trading
ICICI Prudential Nifty Auto ETF,AUTOIETF,Equity
Twentyfirst Century Management Services Ltd,21STCENMGM,Investment Banking & Brokerage
East West Freight Carriers Ltd,EASTWEST,Investment Banking & Brokerage
Sri Ramakrishna Mills (Coimbatore) Ltd,SRMCL,Textiles
Bodhtree Consulting Ltd,BODHTREE,IT Services & Consulting
Nirav Commercials Ltd,NIRAVCOM,Building Products - Others
Manas Polymers and Energies Ltd,MPEL,Packaging
DSP NIFTY 1D Rate Liquid ETF,LIQUIDETF,Debt
Nagreeka Capital & Infrastructure Ltd,NAGREEKCAP,Asset Management
Gothi Plascon (India) Ltd,GOTHIPL,Real Estate
Groww Nifty 1D Rate Liquid ETF,GROWWLIQID,Debt
E L Forge Ltd,ELFORGE,Iron & Steel
Contil India Ltd,CONTILI,Packaged Foods & Meats
Phoenix Overseas Ltd,PHOGLOBAL,Agro Products
Swasti Vinayaka Art and Heritage Corporation Ltd,SVARTCORP,Real Estate
Saven Technologies Ltd,7TEC,IT Services & Consulting
A G Universal Ltd,AGUL,Iron & Steel
Landmark Global Learning Ltd,LGLL,Business Support Services
Swasti Vinayaka Synthetics Ltd,SWASTIVI,Apparel & Accessories
Kiduja India Ltd,KIDUJA,Investment Banking & Brokerage
Lex Nimble Solutions Ltd,LEX,IT Services & Consulting
Promax Power Ltd,PROMAX,Power Generation
Kaiser Corporation Ltd,KACL,Packaging
Yamini Investments Company Ltd,YAMNINV,Specialized Finance
ABC India Ltd,ABCINDQ,Logistics
India Cements Capital Ltd,INDCEMCAP,Tour & Travel Services
GSS Infotech Ltd,GSS,Software Services
Anjani Synthetics Ltd,ANJANI,Textiles
CLC Industries Ltd,CLCIND,Textiles
Kridhan Infra Ltd,KRIDHANINF,Iron & Steel
Rathi Bars Ltd,RATHIBAR,Iron & Steel
Auro Impex & Chemicals Ltd,AUROIMPEX,Metals - Diversified
Shyamkamal Investments Ltd,SHYMINV,Specialized Finance
Takyon Networks Ltd,TAKYON,Communication & Networking
Ravalgaon Sugar Farm Ltd,RAVALSUGAR,Agro Products
Nippon India ETF BSE Sensex Next 50,SNXT50BEES,Equity
Mirae Asset Gold ETF,GOLDETF,Gold
Swastika Castal Ltd,SWASTIKAAL,Metals - Aluminium
Cedaar Textile Ltd,CEDAAR,Textiles
Arunaya Organics Ltd,ARUNAYA,Specialty Chemicals
Armour Security (India) Ltd,ARMOUR,Business Support Services
Diligent Media Corporation Ltd,DNAMEDIA,Publishing
MPIL Corporation Ltd,MPILCORPL,Business Support Services
Dynamic Industries Ltd,DYNAMIND,Specialty Chemicals
Vera Synthetic Ltd,VERA,Textiles
Mohit Industries Ltd,MOHITIND,Textiles
ICICI Prudential Nifty Private Bank ETF,PVTBANIETF,Equity
Globesecure Technologies Ltd,GSTL,IT Services & Consulting
Gujarat Petrosynthese Ltd,GUJPETR,Specialty Chemicals
Libas Consumer Products Ltd,LIBAS,Apparel & Accessories
Kabsons Industries Ltd,KABSON,Gas Distribution
Sharma East India Hospitals and Medical Research Ltd,SHARMEH,Hospitals & Diagnostic Centres
Mapro Industries Ltd,MAPROIN,Construction & Engineering
Aditya BSL Nifty IT ETF,TECH,Equity
Sunil Industries Ltd,SUNILTX,Textiles
DMR Engineering Ltd,DMR,Business Support Services
Amrapali Capital and Finance Services Ltd,ACFSL,Investment Banking & Brokerage
BC Power Controls Ltd,BCP,Cables
Ecofinity Atomix Ltd,ARYAVAN,Pharmaceuticals
Axis NIFTY India Consumption ETF,AXISCETF,Equity
S P Capital Financing Ltd,SPCAPIT,Diversified Financials
Welcure Drugs and Pharmaceuticals Ltd,WELCURE,Pharmaceuticals
Bikewo Green Tech Ltd,BIKEWO,Four Wheelers
Gogia Capital Growth Ltd,GOGIACAPGL,Diversified Financials
Mirae Asset Nifty PSU Bank ETF,BANKPSU,Equity
Pace E-Commerce Ventures Ltd,PACE,Retail - Online
Poddar Housing & Development Ltd,PODDARHOUS,Real Estate
Chennai Ferrous Industries Ltd,CHENFERRO,Iron & Steel
G D L Leasing and Finance Ltd,GDLLEAS,Diversified Financials
Motilal Oswal Nifty 500 ETF,MONIFTY500,Equity
Keerthi Industries Ltd,KEERTHI,Cement
Samtel India Ltd,SAMTELIN,Employment Services
DSJ Keep Learning Ltd,KEEPLEARN,Publishing
Chandra Bhagat Pharma Ltd,CBPL,Pharmaceuticals
Axis Silver ETF,AXISILVER,Silver
Riddhi Display Equipments Ltd,RDEL,Building Products - Others
Sharpline Broadcast Ltd,SHARPLINE,Advertising
Haryana Leather Chemicals Ltd,HARLETH,Specialty Chemicals
Homesfy Realty Ltd,HOMESFY,Real Estate
Madhav Marbles and Granites Ltd,MADHAV,Building Products - Granite
ICICI Prudential Nifty Healthcare ETF,HEALTHIETF,Equity
Salasar Exteriors & Contour Ltd,SECL,Construction & Engineering
Sinnar Bidi Udyog Ltd,SINNAR,FMCG - Tobacco
STL Global Ltd,SGL,Textiles
Vadivarhe Speciality Chemicals Ltd,VSCL,Specialty Chemicals
Sampat Aluminium Ltd,SAMPAT,Metals - Aluminium
Quicktouch Technologies Ltd,QUICKTOUCH,Software Services
Gini Silk Mills Ltd,GINISILK,Textiles
Solvex Edibles Ltd,SOLVEX,FMCG - Foods
RR Metalmakers India Ltd,RRMETAL,Commodities Trading
Supha Pharmachem Ltd,SUPHA,Specialty Chemicals
Harshil Agrotech Ltd,HARSHILAGR,Agro Products
Deep Diamond India Ltd,DEEPAI,"Precious Metals, Jewellery & Watches"
Mcon Rasayan India Ltd,MCON,Building Products - Others
Ganga Forging Ltd,GANGAFORGE,Iron & Steel
Swati Projects Ltd,SWATIPRO,Specialized Finance
Sumedha Fiscal Services Ltd,SUMEDHA,Investment Banking & Brokerage
Fine-Line Circuits Ltd,FINELINE,Electronic Equipments
Kotak Nifty IT ETF,IT,Equity
AGS Transact Technologies Ltd,AGSTRA,Business Support Services
Samsrita Labs Ltd,SAMSRITA,Biotechnology
Centenial Surgical Suture Ltd,CSURGSU,Health Care Equipment & Supplies
Sihora Industries Ltd,SIHORA,Textiles
Nippon India ETF Nifty Infrastructure BeES,INFRABEES,Equity
Pecos Hotels and Pubs Ltd,PECOS,Restaurants & Cafes
Cella Space Ltd,CELLA,Logistics
Classic Filaments Ltd,CFL,Textiles
MSR India Ltd,MSRINDIA,FMCG - Foods
Informed Technologies India Ltd,INFORTEC,Data Processing & Outsourced Services
Gita Renewable Energy Ltd,GITARENEW,Renewable Energy
Pearl Polymers Ltd,PEARLPOLY,Plastic Products
Simbhaoli Sugars Ltd,SIMBHALS,Sugar
Kapil Raj Finance Ltd,KAPILRAJ,Specialized Finance
Soni Medicare Ltd,SML,Hospitals & Diagnostic Centres
Trans India House Impex Ltd,TIHIL,Commodities Trading
ABRIL PAPER TECH LIMITED,ABRIL,Paper Products
Nippon India ETF Nifty India Consumption,CONSUMBEES,Equity
IMEC Services Ltd,IMEC,Business Support Services
Sulabh Engineers and Services Ltd,SULABEN,Specialized Finance
Sparkle Gold Rock Ltd,SPARKLEGR,Mining - Diversified
Innovative Tech Pack Ltd,INNOVTEC,Packaging
Tejnaksh Healthcare Ltd,TEJNAKSH,Hospitals & Diagnostic Centres
Franklin Industries Ltd,FRANKLININD,Investment Banking & Brokerage
Infonative Solutions Ltd,INFONATIVE,Education Services
Polymechplast Machines Ltd,POLYCHMP,Industrial Machinery
Tyroon Tea Co Ltd,TYROON,Agro Products
Kotak Nifty Midcap 50 ETF,MIDCAP,Equity
Logiciel Solutions Ltd,LOGICIEL,Software Services
Ashirwad Steels And Industries Ltd,ASHSI,Specialized Finance
GB Logistics Commerce Ltd,GBLOGISTIC,Logistics
Shoora Designs Ltd,SHOORA,Textiles
Arnold Holdings Ltd,ARNOLD,Diversified Financials
Kanani Industries Ltd,KANANIIND,"Precious Metals, Jewellery & Watches"
DSP Nifty Top 10 Equal Weight ETF,TOP10ADD,Equity
Winro Commercial (India) Ltd,WINROC,Diversified Financials
Mirae Asset Nifty500 Multicap 50:25:25 ETF,MULTICAP,Equity
GKB Ophthalmics Ltd,GKB,Health Care Equipment & Supplies
Margo Finance Ltd,MARGOFIN,Diversified Financials
Shricon Industries Ltd,SHRICON,Real Estate
SM Auto Stamping Ltd,SMAUTO,Auto Parts
Siti Networks Ltd,SITINET,Cable & D2H
Silver Oak (India) Ltd,SILVOAK,Alcoholic Beverages
Hawa Engineers Ltd,HAWAENG,Industrial Machinery
SBI BSE Sensex Next 50 ETF,SETFSN50,Equity
AA Plus Tradelink Ltd,AAPLUSTRAD,Commodities Trading
Johnson Pharmacare Ltd,JOHNPHARMA,Pharmaceuticals
Challani Capital Ltd,CHALLANI,Specialized Finance
Indobell Insulations Ltd,INDOBELL,Building Products - Others
Marc Loire Fashions Ltd,MARCLOIRE,Footwear
Deccan Health Care Ltd,DECCAN,FMCG - Personal Products
TeleCanor Global Ltd,TELECANOR,IT Services & Consulting
Mindpool Technologies Ltd,MINDPOOL,Outsourced services
Kanco Tea & Industries Ltd,KANCOTEA,Agro Products
Polyspin Exports Ltd,POLYSPIN,Packaging
Bulkcorp International Ltd,BULKCORP,Packaging
Advance Metering Technology Ltd,AMTL,Electrical Components & Equipments
Sunrest Lifescience Ltd,SUNREST,Pharmaceuticals
Arshiya Ltd,ARSHIYA,Logistics
Angel Fibers Ltd,ANGEL,Textiles
Galaxy Medicare Ltd,GML,Health Care Equipment & Supplies
Alfa Ica (India) Ltd,ALFAICA,Home Furnishing
HDFC Nifty IT ETF,HDFCNIFIT,Equity
Innovative Ideals and Services (India) Ltd,INNOVATIVE,Technology Hardware
Motilal Oswal Nasdaq Q50 ETF,MONQ50,Equity
Kaushalya Infrastructure Development Corporation Ltd,KAUSHALYA,Construction & Engineering
Signoria Creation Ltd,SIGNORIA,Apparel & Accessories
Healthy Life Agritec Ltd,HEALTHYLIFE,Agro Products
Skybiotech Healthcare Ltd,SKYBIOTECH,Textiles
Adarsh Plant Protect Ltd,ADARSHPL,Agricultural & Farm Machinery
GG Dandeker Machine Works Ltd,GGDPROP,Industrial Machinery
Pulsar International Ltd,PULSRIN,Asset Management
Sahara Housingfina Corporation Ltd,SAHARAHOUS,Home Financing
Miven Machine Tools Ltd,MIVENMACH,Industrial Machinery
TCFC Finance Ltd,TCFCFINQ,Investment Banking & Brokerage
Future Enterprises Ltd,FELDVR,Conglomerates
Future Enterprises Ltd,FEL,Conglomerates
Chordia Food Products Ltd,CHORDIA,Packaged Foods & Meats
Qgo Finance Ltd,QGO,Consumer Finance
Spectrum Foods Ltd,SPECFOOD,Packaged Foods & Meats
Williamson Magor and Co Ltd,WILLAMAGOR,Specialized Finance
Darjeeling Industriies Ltd,DARJEELING,Textiles
NACDAC Infrastructure Ltd,NACDAC,Construction & Engineering
Pritish Nandy Communications Ltd,PNC,Movies & TV Serials
Yaan Enterprises Ltd,YAANENT,Tour & Travel Services
Intec Capital Ltd,INTECCAP,Specialized Finance
Timescan Logistics (India) Ltd,TIMESCAN,Logistics
Shreevatsaa Finance and Leasing Ltd,SHVFL,Diversified Financials
Katare Spinning Mills Ltd,KATRSPG,Textiles
Unick Fix-A-Form And Printers Ltd,UNICK,Packaging
Sattva Sukun Lifecare Ltd,MAYUKH,Building Products - Others
Virtual Global Education Ltd,VIRTUALG,Education Services
Duropack Ltd,DUROPACK,Packaging
Cell Point (India) Ltd,CELLPOINT,Retail - Speciality
United Cotfab Ltd,COTFAB,Textiles
Bervin Investment and Leasing Ltd,BERVINL,Diversified Financials
Khandwala Securities Ltd,KHANDSE,Investment Banking & Brokerage
Tree House Education and Accessories Ltd,TREEHOUSE,Education Services
Rishi Techtex Ltd,RISHITECH,Textiles
Enbee Trade and Finance Ltd,ENBETRD,Specialized Finance
HDFC NIFTY PSU BANK ETF,HDFCPSUBK,Equity
Sonalis Consumer Products Ltd,SONALIS,FMCG - Foods
Premier Energy and Infrastructure Ltd,PEIL,Construction & Engineering
Impera Worldwide Ltd,RISHYRN,Textiles
Thinkink Picturez Ltd,THINKINK,Animation
National General Industries Ltd,NATGENI,Iron & Steel
Swojas Foods Ltd,SWOJAS,Agro Products
Kenvi Jewels Ltd,KENVI,"Precious Metals, Jewellery & Watches"
Chennai Meenakshi Multispeciality Hospital Ltd,CMMHOSP,Hospitals & Diagnostic Centres
Nalin Lease Finance Ltd,NLFL,Consumer Finance
Future Lifestyle Fashions Ltd,FLFL,Retail - Apparel
ICICI Pru Nifty 5 yr Benchmark G-SEC ETF,GSEC5IETF,Debt
Prospect Consumer Products Ltd,PCL,Agro Products
Monotype India Ltd,MONOT,Diversified Financials
Walpar Nutritions Ltd,WALPAR,Packaged Foods & Meats
Super Spinning Mills Ltd,SUPERSPIN,Textiles
Prismx Global Ventures Ltd,PRISMX,Commodities Trading
Benchmark Computer Solutions Ltd,BENCHMARK,Software Services
Tirupati Sarjan Ltd,TIRSARJ,Real Estate
Equilateral Enterprises Ltd,EQUILATERA,"Precious Metals, Jewellery & Watches"
Amco India Ltd,AMCOIND,Plastic Products
Paramount Dye Tec Ltd,PARAMOUNT,Textiles
Hipolin Ltd,HIPOLIN,FMCG - Household Products
Abhishek Finlease Ltd,ABHIFIN,Consumer Finance
Varanium Cloud Ltd,CLOUD,IT Services & Consulting
KK Shah Hospitals Limited,KKSHL,Hospitals & Diagnostic Centres
Ambo Agritec Ltd,AMBOAGRI,Agro Products
Angel One Nifty 1D Rate Liquid ETF - Growth,AONELIQUID,Debt
Amrapali Fincap Ltd,AMRAFIN,Diversified Financials
MPDLLtd,MPDL,Real Estate
TGIF Agribusiness Ltd,TGIF,Agro Products
Richfield Financial Services Ltd,RFSL,Investment Banking & Brokerage
Aritas Vinyl Ltd,ARITAS,Textiles
KJMC Financial Services Ltd,KJMCFIN,Specialized Finance
Sprayking Ltd,SPRAYKING,Agricultural & Farm Machinery
Alfavision Overseas (India) Ltd,ALFAVIO,Agro Products
Krishna Ventures Ltd,KRISHNA,Real Estate
Khoobsurat Ltd,KHOOBSURAT,Investment Banking & Brokerage
Unison Metals Ltd,UNISON,Housewares
Indianivesh Ltd,INDIANVSH,Diversified Financials
Vandan Foods Ltd,VANDAN,Agro Products
Micropro Software Solutions Ltd,MICROPRO,IT Services & Consulting
Eastern Silk Industries Ltd,EASTSILK,Textiles
Apex Capital and Finance Ltd,ACFL,Consumer Finance
Edelweiss Nifty Bank ETF,EBANKNIFTY,Equity
Mewar Hi-Tech Engineering Ltd,MHEL,Industrial Machinery
Infomedia Press Ltd,INFOMEDIA,Publishing
Advance Petrochemicals Ltd,ADVPETR-B,Oil & Gas - Refining & Marketing
Mirae Asset Hang Seng TECH ETF,MAHKTECH,Equity
Gujarat Terce Laboratories Ltd,GUJTERC,Pharmaceuticals
Parshwanath Corp Ltd,PARSHWANA,Real Estate
Oasis Securities Ltd,OASISEC,Diversified Financials
Teerth Gopicon Ltd,TGL,Construction & Engineering
Next Mediaworks Ltd,NEXTMEDIA,Radio
Times Green Energy (India) Ltd,TIMESGREEN,Agro Products
Aruna Hotels Ltd,ARUNAHTEL,"Hotels, Resorts & Cruise Lines"
Jainex Aamcol Ltd,JAINEX,Industrial Machinery
Mirae Asset Nifty 200 Alpha 30 ETF,ALPHAETF,Equity
Stanrose Mafatlal Investments and Finance Ltd,STANROS,Asset Management
Goel Food Products Ltd,GOEL,"Hotels, Resorts & Cruise Lines"
Medistep Healthcare Ltd,MEDISTEP,Pharmaceuticals
Adeshwar Meditex Ltd,ADESHWAR,Health Care Equipment & Supplies
Hindoostan Mills Ltd,HINDMILL,Textiles
Shreenath Paper Products Ltd,SHREENATH,Paper Products
Popular Estate Management Ltd,POPULARES,Real Estate
Rekvina Laboratories Ltd,VINRKLB,Pharmaceuticals
KMG Milk Food Ltd,KMGMILK,FMCG - Foods
Comrade Appliances Ltd,COMRADE,Cables
Spenta International Ltd,SPENTA,Apparel & Accessories
Libord Finance Ltd,LIBORDFIN,Diversified Financials
TGB Banquets and Hotels Ltd,TGBHOTELS,"Hotels, Resorts & Cruise Lines"
Manglam Infra & Engineering Ltd,MIEL,Construction & Engineering
Aditya Birla Sun Life Nifty PSE ETF,ABSLPSE,Equity
West Leisure Resorts Ltd,WESTLEIRES,Diversified Financials
Yudiz Solutions Ltd,YUDIZ,IT Services & Consulting
NatureWings Holidays Ltd,NHL,"Hotels, Resorts & Cruise Lines"
Tejassvi Aaharam Ltd,TEJASSVI,Logistics
Lesha Industries Ltd,LESHAIND,Commodities Trading
Ramsons Projects Ltd,RAMSONS,Diversified Financials
SAFECURE SERVICES LIMITED,SAFECURE,Business Support Services
NMS Global Ltd,NMSGLOBAL,Business Support Services
Ahasolar Technologies Ltd,AHASOLAR,Renewable Energy
Aten Papers & Foam Ltd,ATENPAPERS,Paper Products
Megri Soft Ltd,MEGRISOFT,IT Services & Consulting
Standard Batteries Ltd,STDBAT,Diversified Financials
Venlon Enterprises Ltd,VENLONENT,Commodity Chemicals
Kalana Ispat Ltd,KALANA,Iron & Steel
ICICI Prudential Nifty 100 ETF,NIF100IETF,Equity
Goenka Diamond & Jewels Ltd,GOENKA,"Precious Metals, Jewellery & Watches"
Gorani Industries Ltd,GORANIN,Home Electronics & Appliances
Jaihind Industries Ltd,JAIHIND,Textiles
Yug Decor Ltd,YUG,Specialty Chemicals
Balurghat Technologies Ltd,BALTE,Logistics
Omkar Pharmachem Ltd,OMKARPH,Commodity Chemicals
QVC Exports Ltd,QVCEL,Mining - Manganese
Kaarya Facilities & Services Ltd,KAARYAFSL,Business Support Services
Pasupati Spinning and Weaving Mills Ltd,PASUSPG,Textiles
Mahalaxmi Fabric Mills Ltd,MFML,Textiles
Orient Tradelink Ltd,ORIENTTR,Movies & TV Serials
Narendra Properties Ltd,NARPROP,Real Estate
Medicamen Organics Ltd,MEDIORG,Pharmaceuticals
Milestone Furniture Ltd,MILEFUR,Business Support Services
Vani Commercials Ltd,VANICOM,Investment Banking & Brokerage
Bombay Wire Ropes Ltd,BOMBWIR,Iron & Steel
Lamosaic India Ltd,LAMOSAIC,Building Products - Laminates
Vaxtex Cotfab Ltd,VCL,Textiles
Starcom Information Technology Ltd,STARCOM,Software Services
Navigant Corporate Advisors Ltd,NAVIGANT,Investment Banking & Brokerage
Mudunuru Ltd,MUDUNURU,IT Services & Consulting
Pentokey Organy (India) Ltd,PNTKYOR,Commodities Trading
PlatinumOne Business Services Ltd,POBS,Data Processing & Outsourced Services
June Industries Ltd,JUNE,Software Services
Ranjeet Mechatronics Ltd,RANJEET,Business Support Services
Prakash Woollen & Synthetic Mills Ltd,PWASML,Textiles
Salora International Ltd,SALORAINTL,Home Electronics & Appliances
Mukat Pipes Ltd,MUKATPIP,Building Products - Pipes
Orosil Smiths India Ltd,OROSMITHS,"Precious Metals, Jewellery & Watches"
Dynamic Archistructures Ltd,DAL,Diversified Financials
VERTEX Securities Ltd,VERTEX,Investment Banking & Brokerage
Sunil Agro Foods Ltd,SUNILAGR,FMCG - Foods
Cochin Malabar Estates and Industries Ltd,COCHMAL,Agro Products
Smart Finsec Ltd,SMARTFIN,Specialized Finance
Morarka Finance Ltd,MORARKFI,Specialized Finance
Zerodha Silver ETF,SILVERCASE,Silver
Asian Tea & Exports Ltd,ASIANTNE,Agro Products
Machhar Industries Ltd,MACIND,Commodity Chemicals
Venmax Drugs and Pharmaceuticals Ltd,VENMAX,Pharmaceuticals
Sarthak Industries Ltd,SARTHAKIND,Commodities Trading
Prolife Industries Ltd,PROLIFE,Commodity Chemicals
Purshottam Investofin Ltd,PURSHOTTAM,Specialized Finance
Ashirwad Capital Ltd,ASHCAP,Diversified Financials
EPIC Energy Ltd,EPIC,Electrical Components & Equipments
G-Tec Jainx Education Ltd,GTECJAINX,Education Services
Accedere Ltd,ACCEDERE,IT Services & Consulting
Morarjee Textiles Ltd,MORARJEE,Textiles
Maris Spinners Ltd,MARIS,Textiles
Kamanwala Housing Construction Ltd,KAMANWALA,Real Estate
Globtier Infotech Ltd,GLOBTIER,Software Services
Ishita Drugs and Industries Ltd,ISHITADR,Pharmaceuticals
Shree Ganesh Bio-Tech (India) Ltd,SHREEGANES,Agro Products
Invigorated Business Consulting Ltd,INVIGO,Business Support Services
Jindal Leasefin Ltd,JLL,Investment Banking & Brokerage
Easy Fincorp Ltd,EASYFIN,Consumer Finance
Checkpoint Trends Ltd,CENTUPLE,Business Support Services
Shree Marutinandan Tubes Ltd,SHREE,Building Products - Pipes
DSP Nifty Midcap 150 Quality 50 ETF,MIDQ50ADD,Equity
SBI Nifty Consumption ETF,SBIETFCON,Equity
Sonal Adhesives Ltd,SONALAD,Specialty Chemicals
LWS Knitwear Ltd,LWSKNIT,Textiles
Southern Magnesium and Chemicals Ltd,SOUTHMG,Mining - Manganese
Scarnose International Ltd,SCARNOSE,Textiles
Bloom Industries Ltd,BLOIN,Iron & Steel
Asian Petro Products and Exporters Ltd,ASINPET,Paper Products
Davin Sons Retail LTd,DAVIN,Apparel & Accessories
Neelam Linens and Garments (India) Ltd,NEELAM,Apparel & Accessories
Identical Brains Studios Ltd,IDENTICAL,Animation
Blue Chip Tex Industries Ltd,BLUECHIPT,Textiles
Zenlabs Ethica Ltd,ZENLABS,Pharmaceuticals
Supreme Engineering Ltd,SUPREMEENG,Iron & Steel
SK International Export Ltd,SKIEL,Apparel & Accessories
Salguti Industries Ltd,SALGUTI,Plastic Products
DECO MICA Ltd,DECOMIC,Building Products - Laminates
Erp Soft Systems Ltd,ERPSOFT,Software Services
Jindal Capital Ltd,JINDCAP,Diversified Financials
K K Silk Mills Ltd,KKSILK,Apparel & Accessories
Rajkamal Synthetics Ltd,RAJKSYN,Textiles
Triliance Polymers Ltd,TRILIANCE,Plastic Products
Aditya Spinners Ltd,ADITYASP,Textiles
Laxmi Cotspin Ltd,LAXMICOT,Textiles
CMX Holdings Ltd,SIELFNS,Specialized Finance
Indo Cotspin Ltd,ICL,Textiles
Vivanta Industries Ltd,VIVANTA,Pharmaceuticals
Transgene Biotek Ltd,TRABI,Biotechnology
Vinyoflex Ltd,VINYOFL,Plastic Products
Darshan Orna Ltd,DARSHANORNA,"Precious Metals, Jewellery & Watches"
Neeraj Paper Marketing Ltd,NEERAJ,Paper Products
Winpro Industries Ltd,WINPRO,Advertising
Gujarat Raffia Industries Ltd,GUJRAFFIA,Packaging
Aspire & Innovative Advertising Ltd,ASPIRE,Home Electronics & Appliances
Ramgopal Polytex Ltd,RAMGOPOLY,Commodities Trading
ICICI Prudential Nifty FMCG ETF,FMCGIETF,Equity
Tata Nifty India Digital Exchange Traded Fund,TNIDETF,Equity
Agarwal Float Glass India Ltd,AGARWALFT,Commodity Chemicals
Abhishek Integrations Ltd,AILIMITED,Construction & Engineering
Sri Havisha Hospitality and Infrastructure Ltd,HAVISHA,Oil & Gas - Storage & Transportation
Octaware Technologies Ltd,OCTAWARE,Software Services
Vapi Enterprise Ltd,VAPIENTER,Paper Products
Nippon India ETF Hang Seng BeES,HNGSNGBEES,Equity
Howard Hotels Ltd,HOWARHO,"Hotels, Resorts & Cruise Lines"
Valencia India Ltd,VALINDIA,"Hotels, Resorts & Cruise Lines"
Caprolactam Chemicals Ltd,CAPRO,Specialty Chemicals
SSPDL Ltd,SSPDL,Real Estate
Martin Burn Ltd,MARBU,Real Estate
Shrenik Ltd,SHRENIK,Paper Products
Swarna Securities Ltd,SWRNASE,Investment Banking & Brokerage
Koura Fine Diamond Jewelry Ltd,KOURA,Apparel & Accessories
Tapi Fruit Processing Ltd,TAPIFRUIT,Packaged Foods & Meats
HDFC Nifty50 Value 20 ETF,HDFCVALUE,Equity
Tecil Chemicals and Hydro Power Ltd,TECILCHEM,Commodity Chemicals
Command Polymers Ltd,COMMAND,Plastic Products
Laffans Petrochemicals Ltd,LAFFANSQ,Commodity Chemicals
Dynamic Portfolio Management & Services Ltd,DYNAMICP,Investment Banking & Brokerage
Saffron Industries Ltd,SAFFRON,Paper Products
Kotak Nifty 1D Rate Liquid ETF,LIQUID1,Debt
RAP Corp Ltd,RAP,Real Estate
Jay Kailash Namkeen Ltd,JAYKAILASH,Wood Products
Esaar (India) Ltd,ESARIND,Diversified Financials
Cubical Financial Services Ltd,CUBIFIN,Specialized Finance
Inducto Steels Ltd,INDCTST,Metals - Diversified
Lake Shore Realty Ltd,LAKESHORE,Real Estate
Colorchips New Media Ltd,COLORCHIPS,Movies & TV Serials
Helpage Finlease Ltd,HELPAGE,Diversified Financials
Flexituff Ventures International Ltd,FLEXITUFF,Packaging
Mediaone Global Entertainment Ltd,MEDIAONE,Movies & TV Serials
Valson Industries Ltd,VALSONQ,Textiles
Step Two Corporation Ltd,STEP2COR,Investment Banking & Brokerage
TTI Enterprise Ltd,TTIENT,Diversified Financials
Neo Infracon Ltd,NEOINFRA,Real Estate
Patspin India Ltd,PATSPINLTD,Textiles
Inland Printers Ltd,INLANPR,Online Services
Ankit Metal & Power Ltd,ANKITMETAL,Iron & Steel
Mansi Finance (Chennai) Ltd,MANSIFIN,Specialized Finance
Hamps Bio Ltd,HAMPS,Pharmaceuticals
Raw Edge Industrial Solutions Ltd,RAWEDGE,Mining - Diversified
Mirae Asset Nifty Bank ETF,BANKETF,Equity
Harish Textile Engineers Ltd,HARISH,Industrial Machinery
Ras Resorts and Apart Hotels Ltd,RASRESOR,"Hotels, Resorts & Cruise Lines"
Maharashtra Corp Ltd,MAHACORP,Textiles
Shubhlaxmi Jewel Art Ltd,SHUBHLAXMI,"Precious Metals, Jewellery & Watches"
Medico Intercontinental Ltd,MIL,Pharmaceuticals
Crystal Business System Ltd,CRYSTAL,Telecom Services
Inani Marbles and Industries Ltd,INANI,Building Products - Granite
Labelkraft Technologies Ltd,LABELKRAFT,Electronic Equipments
Roselabs Finance Ltd,ROSELABS,Diversified Financials
Reliable Ventures India Ltd,RELIABVEN,"Hotels, Resorts & Cruise Lines"
Southern Latex Ltd,SOUTLAT,Wood Products
Kcl Infra Projects Ltd,KCLINFRA,Construction & Engineering
Prime Urban Development India Ltd,PRIMEURB,Textiles
VAMA Industries Ltd,VAMA,Technology Hardware
Krupalu Metals Ltd,KRUPALU,Building Products - Ceramics
N D A Securities Ltd,NDASEC,Investment Banking & Brokerage
Shree Bhavya Fabrics Ltd,SBFL,Textiles
DRA Consultants Ltd,DRA,Business Support Services
Crimson Metal Engineering Company Ltd,CRIMSON,Iron & Steel
GSL Securities Ltd,GSLSEC,Diversified Financials
Shukra Bullions Ltd,SKRABUL,"Precious Metals, Jewellery & Watches"
Dalmia Industrial Development Ltd,DIDL,Apparel & Accessories
Transvoy Logistics India Ltd,TRANSVOY,Logistics
Shree Metalloys Ltd,SHREMETAL,Metals - Copper
Earthstahl & Alloys Ltd,EARTH,Steel
Madhusudan Industries Ltd,MADHUDIN,Real Estate
IITL Projects Ltd,IITLPROJ,Real Estate
Mono Pharmacare Ltd,MONOPHARMA,Retail - Speciality
Silly Monks Entertainment Ltd,SILLYMONKS,Advertising
Esha Media Research Ltd,ESHAMEDIA,Advertising
York Exports Ltd,YORKEXP,Textiles
Easun Capital Markets Ltd,EASUN,Specialized Finance
Ace Integrated Solutions Ltd,ACEINTEG,Education Services
Visagar Financial Services Ltd,VISAGAR,Diversified Financials
Manraj Housing Finance Ltd,MANRAJH,Real Estate
Tridhya Tech Ltd,TRIDHYA,IT Services & Consulting
360 ONE Gold ETF,GOLD360,Gold
Skil Infrastructure Ltd,SKIL,Construction & Engineering
Maruti Global Industries Ltd,MGIL,Investment Banking & Brokerage
Zenith Fibres Ltd,ZENIFIB,Textiles
Padam Cotton Yarns Ltd,PADAMCO,Textiles
Utique Enterprises Ltd,UTIQUE,Commodities Trading
KJMC Corporate Advisors (India) Ltd,KJMCCORP,Investment Banking & Brokerage
GACM Technologies Ltd-DVR,GATECHDVR,Investment Banking & Brokerage
Velan Hotels Ltd,VELHO,"Hotels, Resorts & Cruise Lines"
HDFC Nifty 100 ETF,HDFCNIF100,Equity
Amalgamated Electricity Company Ltd,AMALGAM,Electrical Components & Equipments
TV Vision Ltd,TVVISION,TV Channels & Broadcasters
Thakral Services (India) Ltd,THAKRAL,Electronic Equipments
Asia Capital Ltd,ASIACAP,Investment Banking & Brokerage
Shriram Nifty 1D Rate Liquid ETF,LIQUIDSHRI,Debt
Vivaa Tradecom Ltd,VIVAA,Retail - Apparel
Sangal Papers Ltd,SANPA,Paper Products
Piotex Industries Ltd,PIOTEX,Textiles
O P Chains Ltd,OPCHAINS,"Precious Metals, Jewellery & Watches"
Accord Synergy Ltd,ACCORD,Telecom Services
Poojawestern Metaliks Ltd,POOJA,Metals - Diversified
Ajwa Fun World and Resort Ltd,AJWAFUN,Theme Parks & Gaming
Marinetrans India Ltd,MARINETRAN,Logistics
Cyber Media Research & Services Ltd,CMRSL,IT Services & Consulting
Radiowalla Network Ltd,RADIOWALLA,Radio
SBI Nifty50 Equal Weight ETF,SBINEQWETF,Equity
Paragon Finance Ltd,PARAGONF,Consumer Finance
Switching Technologies Gunther Ltd,SWITCHTE,Electrical Components & Equipments
Vikas WSP Ltd,VIKASWSP,Agro Products
Bombay Talkies Ltd,BOMTALKIES,Movies & TV Serials
Techindia Nirman Ltd,TECHIN,Real Estate
Sawaca Enterprises Ltd,SAWACA,Commodities Trading
Desh Rakshak Aushdhalaya Ltd,DESHRAK,Pharmaceuticals
Ekennis Software Service Ltd,EKENNIS,IT Services & Consulting
Hindustan Agrigentics Ltd,HINDUST,Seeds
Madhya Pradesh Today Media Ltd,MPTODAY,Publishing
Advance Lifestyles Ltd,ADVLIFE,Textiles
Global Capital Markets Ltd,GLOBALCA,Diversified Financials
Iykot Hitech Toolroom,IYKOTHITE,Industrial Machinery
Novateor Research Laboratories Ltd,NOVATEOR,FMCG - Personal Products
Vrundavan Plantation Ltd,VPL,Environmental Services
GSB Finance Ltd,GSBFIN,Investment Banking & Brokerage
Nidan Laboratories and Healthcare Ltd,NIDAN,Hospitals & Diagnostic Centres
Shyam Telecom Ltd,SHYAMTEL,Telecom Equipments
Add-Shop E-Retail Ltd,ASRL,FMCG - Personal Products
DSP Nifty PSU Bank ETF,PSUBANKADD,Equity
Jayshree Chemicals Ltd,JAYCH,Commodity Chemicals
SPP Polymer Ltd,SPPPOLY,Packaging
Vikram Aroma Ltd,VIKRAMAR,Specialty Chemicals
Chemiesynth (Vapi) Ltd,CHEMIESYNT,Specialty Chemicals
Mandeep Auto Industries Ltd,MANDEEP,Auto Parts
Groww Nifty India Railways PSU ETF,GROWWRAIL,Equity
South Asian Enterprises Ltd,SAENTER,Electronic Equipments
Rajeshwari Cans Ltd,RCAN,Packaging
ICICI Prudential Nifty India Consumption ETF,CONSUMIETF,Equity
Baroda BNP Paribas Nifty Bank ETF,BBNPNBETF,Equity
Regent Enterprises Ltd,REGENTRP,Agro Products
Baroda BNP Paribas Gold ETF,BBNPPGOLD,Gold
Ranjit Securities Ltd,RANJITSE,Consumer Finance
Manipal Finance Corp Ltd,MNPLFIN,Consumer Finance
Maitri Enterprises Ltd,MAITRI,Pharmaceuticals
SBEC Systems (India) Ltd,SBECSYS,IT Services & Consulting
Chambal Breweries and Distilleries Ltd,CHMBBRW,Alcoholic Beverages
Hisar Spinning Mills Ltd,HISARSP,Textiles
Daikaffil Chemicals India Ltd,DAIKAFFI,Specialty Chemicals
Union Gold ETF,UNIONGOLD,Gold
ICICI Prudential Nifty50 Value 20 ETF,NV20IETF,Equity
H S India Ltd,HOTLSILV,"Hotels, Resorts & Cruise Lines"
Hemang Resources Ltd,HEMANG,Commodities Trading
CIL Securities Ltd,CILSEC,Investment Banking & Brokerage
Shahi Shipping Ltd,SHAHISHIP,Logistics
NAPS Global India Ltd,NAPSGLOBAL,Textiles
Bazel International Ltd,BAZELINTER,Investment Banking & Brokerage
Neelkanth Ltd,NEELKANTH,Agro Products
Organic Coatings Ltd,ORGCOAT,Specialty Chemicals
Abirami Financial Services (India) Ltd,ABIRAFN,Diversified Financials
Jayatma Enterprises Ltd,JAYATMA,Business Support Services
Rapid Investments Ltd,RAPIDIN,Diversified Financials
NIKS Technology Ltd,NIKSTECH,IT Services & Consulting
Veer Energy & Infrastructure Ltd,VEERENRGY,Renewable Energy
Shashijit Infraprojects Ltd,SHASHIJIT,Construction & Engineering
Interstate Oil Carrier Ltd,INTSTOIL,Logistics
Vamshi Rubber Ltd,VAMSHIRU,Building Products - Ceramics
Modern Steel Ltd,MDRNSTL,Iron & Steel
Olympia Industries Ltd,OLYMPTX,Business Support Services
Uniroyal Industries Ltd,UNIROYAL,Textiles
Best Eastern Hotels Ltd,BESTEAST,"Hotels, Resorts & Cruise Lines"
Indus Aluminium Recyclers Ltd,CONTAINER,Logistics
Benara Bearings and Pistons Ltd,BENARA,Auto Parts
Prabhhans Industries Ltd,PRABHHANS,Paper Products
Picturepost Studios Ltd,PPSL,Animation
Titaanium Ten Enterprise Ltd,TITAANIUM,Textiles
Continental Seeds and Chemicals Ltd,CONTI,Seeds
Dipna Pharmachem Ltd,DPL,Pharmaceuticals
Astron Paper & Board Mill Ltd,ASTRON,Paper Products
Precision Metaliks Ltd,PRECISION,Metals - Aluminium
Senthil Infotek Ltd,SENINFO,IT Services & Consulting
Edelweiss Silver ETF,ESILVER,Silver
Max Heights Infrastructure Ltd,MAXHEIGHTS,Real Estate
Greencrest Financial Services Ltd,GREENCREST,Diversified Financials
Rishabh Digha Steel and Allied Products Ltd,RISHDIGA,Iron & Steel
Veejay Lakshmi Engineering Works Ltd,VJLAXMIE,Textiles
Premier Capital Services Ltd,PREMCAP,Business Support Services
Golechha Global Finance Ltd,GOLECHA,Diversified Financials
Cityman Ltd,CITYMAN,Textiles
Tulasee Bio-Ethanol Ltd,TULASEEBIOE,Renewable Energy
Nippon India Nifty 1D Rate Liquid ETF - Growth,LIQGRWBEES,Debt
Maks Energy Solutions India Ltd,MAKS,Electrical Components & Equipments
Starsource Multitrade Ltd,STARSOURCE,Advertising
Cindrella Hotels Ltd,CINDHO,"Hotels, Resorts & Cruise Lines"
Cargosol Logistics Ltd,CARGOSOL,Logistics
UTI Silver Exchange Traded Fund,SILVERBETA,Silver
Response Informatics Ltd,RESPONSINF,Software Services
Shiva Granito Export Ltd,SHIVAEXPO,Building Products - Granite
Krishna Capital and Securities Ltd,KRISHNACAP,Investment Banking & Brokerage
Julien Agro Infratech Ltd,JULIEN,Agro Products
Square Four Projects India Ltd,SFPIL,Real Estate
360 ONE Silver ETF,SILVER360,Silver
Fone4 Communications(India) Ltd,FONE4,Retail - Online
Amin Tannery Ltd,AMINTAN,Conglomerates
Yash Management & Satellite Ltd.,YASHMGM,Specialized Finance
Sanwaria Consumer Ltd,SANWARIA,FMCG - Foods
Winsome Yarns Ltd,WINSOME,Textiles
Impex Ferro Tech Ltd,IMPEXFERRO,Iron & Steel
Adcon Capital Services Ltd,ADCON,Investment Banking & Brokerage
Disha Resources Ltd,DRL,Commodity
PDP Shipping & Projects Ltd,PSPL,Logistics
Prism Finance Ltd,PRISMFN,Diversified Financials
Frontline Corporation Ltd,FRONTCORP,Logistics
Jai Mata Glass Ltd,JAIMATAG,Housewares
Motilal Oswal BSE Low Volatility ETF,MOLOWVOL,Equity
Prima Industries Ltd,PRIMAIN,FMCG - Foods
SVS Ventures Ltd,SVS,Real Estate
Shivamshree Businesses Ltd,SBL,Packaged Foods & Meats
Tai Industries Ltd,TAIIND,Consumer Finance
Family Care Hospitals Ltd,FAMILYCARE,Hospitals & Diagnostic Centres
Yasons Chemex Care Ltd,YCCL,Specialty Chemicals
Steel Strips Infrastructures Ltd,STLSTRINF,Real Estate
AMS Polymers Ltd,AMS,Specialty Chemicals
ICICI Prudential Nifty Oil & Gas ETF,OILIETF,Equity
Boss Packaging Solutions Ltd,BOSS,Industrial Machinery
Kotak Nifty 100 Low Volatility 30 ETF,LOWVOL1,Equity
Shreeram Proteins Ltd,SRPL,Agro Products
Indong Tea Company Ltd,INDONG,Tea & Coffee
DSP Nifty 50 ETF,NIFTYADD,Equity
Gilada Finance and Investments Ltd,GILADAFINS,Investment Banking & Brokerage
Kotia Enterprises Ltd,KEL,Industrial Machinery
Radaan Media Works India Ltd,RADAAN,Movies & TV Serials
RTCL Ltd,RAGHUTOB,Real Estate
Paramount Cosmetics (India) Ltd,PARMCOS-B,FMCG - Personal Products
Adhbhut Infrastructure Ltd,ADHBHUTIN,Real Estate
Sterling Powergensys Ltd,STERPOW,Textiles
NCC Blue Water Products Ltd,NCCBLUE,Packaged Foods & Meats
Tci Finance Ltd,TCIFINANCE,Diversified Financials
Gajanand International Ltd,GAJANAND,Textiles
Adhata Global Ltd,MVCOTSP,Building Products - Others
Source Industries (India) Ltd,SOURCEIND,Textiles
Zenith Healthcare Ltd,ZENITHHE,Pharmaceuticals
Ventura Textiles Ltd,VENTURA,Textiles
Kkalpana Plastick Ltd,KKPLASTICK,Plastic Products
Bharat Bhushan Finance & Commodity Brokers Ltd,BHARAT,Specialized Finance
Integrated Capital Services Ltd,ICSL,Business Support Services
HCKK Ventures Ltd,HCKKVENTURE,Real Estate
Shashwat Furnishing Solutions Ltd,SFSL,Water Management
Kunststoffe Industries Ltd,KUNSTOFF,Building Products - Pipes
Munoth Financial Services Ltd,MUNOTHFI,Investment Banking & Brokerage
Shree Securities Ltd,SHREESEC,Diversified Financials
Vashishtha Luxury Fashion Ltd,VASHISHTHA,Apparel & Accessories
Gyan Developers and Builders Ltd,GYANDEV,Real Estate
Innokaiz India Ltd,INNOKAIZ,Advertising
JHS Svendgaard Retail Ventures Ltd,RETAIL,Retail - Department Stores
Pro Clb Global Ltd,PROCLB,Consumer Finance
L K Mehta Polymers Ltd,LKMEHTA,Plastic Products
MEP Infrastructure Developers Ltd,MEP,Roads
Rita Finance and Leasing Ltd,RFLL,Specialized Finance
Gujarat Hy Spin Ltd,GUJHYSPIN,Textiles
Hit Kit Global Solutions Ltd,HITKITGLO,FMCG - Foods
Vivo Collaboration Solutions Ltd,VIVO,Telecom Services
Glaam Up Jwel Ltd,GLEAM,"Precious Metals, Jewellery & Watches"
Quality RO Industries Ltd,QRIL,Specialized Finance
DRS Cargo Movers Ltd,DRSCARGO,Logistics
Raconteur Global Resources Ltd,RACONTEUR,Mining - Diversified
DSP Nifty IT ETF,ITADD,Equity
Gujarat Lease Financing Ltd,GLFL,Consumer Finance
Anuroop Packaging Ltd,ANUROOP,Packaging
Sanblue Corporation Ltd,SANBLUE,Commodities Trading
Palm Jewels Limited,PALMJEWELS,"Precious Metals, Jewellery & Watches"
Vas Infrastructure Ltd,VASINFRA,Real Estate
Quantum Nifty 50 ETF,QNIFTY,Equity
7NR Retail Ltd,7NR,Apparel & Accessories
Sati Poly Plast Ltd,SATIPOLY,Packaging
Zerodha Nifty Midcap 150 ETF,MID150CASE,Equity
ICICI Pru Nifty 10 yr Benchmark G-sec ETF,GSEC10IETF,Debt
JMD Ventures Ltd,JMDVL,Rail
Mehta Integrated Finance Ltd,MEHIF,Diversified Financials
Epuja Spiritech Ltd,EPUJA,Online Services
Trans Freight Containers Ltd,TRANSFRE,Industrial Machinery
AIK Pipes and Polymers Ltd,AIKPIPES,Building Products - Pipes
ICICI Prudential BSE Liquid Rate ETF - Growth,CASHIETF,Equity
Debock Industries Ltd,DIL,Agricultural & Farm Machinery
S M Gold Ltd,SMGOLD,"Precious Metals, Jewellery & Watches"
Decillion Finance Ltd,DFL,Specialized Finance
Visagar Polytex Ltd,VIVIDHA,Textiles
SRM Energy Ltd,SRMENERGY,Renewable Energy
Aditya Birla Sun Life BSE Sensex ETF,BSLSENETFG,Equity
Om Metallogic Ltd,OML,Metals - Aluminium
Sarvottam Finvest Ltd,SARVOTTAM,Investment Banking & Brokerage
EP Biocomposites Ltd,EPBIO,Building Products - Others
HDFC Nifty Private Bank ETF,HDFCPVTBAN,Equity
Brisk Technovision Ltd,BRISK,IT Services & Consulting
COSYN Ltd,COSYN,IT Services & Consulting
Heads UP Ventures Ltd,HEADSUP,Textiles
Minolta Finance Ltd,MINOLTAF,Diversified Financials
Vanta Bioscience Ltd,VANTABIO,Labs & Life Sciences Services
Ashtasidhhi Industries Ltd,GUJINV,Diversified Financials
Zerodha Nifty 100 ETF,TOP100CASE,Equity
VR Films & Studios Ltd,VRFILMS,Movies & TV Serials
Continental Chemicals Ltd,CONTCHM,Software Services
Duke Offshore Ltd,DUKEOFS,Oil & Gas - Equipment & Services
Thinking Hats Entertainment Solutions Ltd,THESL,Advertising
HDFC Nifty100 Quality 30 ETF,HDFCQUAL,Equity
Motilal Oswal BSE Enhanced Value ETF,MOVALUE,Equity
UR Sugar Industries Ltd,URSUGAR,Trading Companies & Distributors
Khandelwal Extractions Ltd,ZKHANDEN,Packaged Foods & Meats
Zerodha Nifty 8-13 Yr G-Sec ETF,LTGILTCASE,Debt
Edelweiss Nifty 1D Rate Liquid ETF - Growth,ELIQUID,Debt
Raama Paper Mills Ltd,RAMAPPR-B,Paper Products
BKV Industries Ltd,BKV,Packaged Foods & Meats
Gautam Gems Ltd,GGL,"Precious Metals, Jewellery & Watches"
Tirth Plastic Ltd,TIRTPLS,Building Products - Others
United Credit Ltd,UNITDCR,Consumer Finance
Jaipan Industries Ltd,JAIPAN,Home Electronics & Appliances
Kachchh Minerals Ltd,KACHCHH,Mining - Diversified
Ind Renewable Energy Ltd,INDRENEW,Renewable Energy Equipment & Services
Kallam Textiles Ltd,KALLAM,Textiles
Groarc Industries India Ltd,GROARC,Biotechnology
Sarda Proteins Ltd,SRDAPRT,Packaged Foods & Meats
Tata Gold Exchange Traded Fund,TATAGOLD,Gold
RSC International Ltd,RSCINT,Textiles
DocMode Health Technologies Ltd,DHTL,Education Services
Nippon India ETF Nifty 100,NIF100BEES,Equity
Parmax Pharma Ltd,PARMAX,Pharmaceuticals
Shanthala FMCG Products Ltd,SHANTHALA,FMCG - Personal Products
Zodiac Ventures Ltd,ZODIACVEN,Real Estate
MFL India Ltd,MFLINDIA,Logistics
Ind Agiv Commerce Ltd,INDAGIV,Technology Hardware
Moongipa Capital Finance Ltd,MONGIPA,Consumer Finance
ICICI Prudential Nifty IT ETF,ITIETF,Equity
Octavius Plantations Ltd,OCTAVIUSPL,Agro Products
Triumph International Finance India Ltd,TRIUMPIN,Investment Banking & Brokerage
Yogi Infra Projects Ltd,YOGISUNG,Construction & Engineering
Vikas Proppant & Granite Ltd,VIKASPROP,Agro Products
Stellar Capital Services Ltd,STELLAR,Consumer Finance
Consecutive Commodities Ltd,CCDL,Investment Banking & Brokerage
Humming Bird Education Ltd,HBEL,Education Services
Colinz Laboratories Ltd,COLINZ,Pharmaceuticals
BLT Logistics Ltd,BLT,Logistics
Lypsa Gems & Jewellery Ltd,LYPSAGEMS,"Precious Metals, Jewellery & Watches"
Trustwave Securities Ltd,TRUSTWAVE,Specialized Finance
Kisaan Parivar Industries Ltd,KISAAN,Agro Products
Usha Martin Education And Solutions Ltd,UMESLTD,Education Services
Eastern Treads Ltd,EASTRED,Tires & Rubber
Market Creators Ltd,MKTCREAT,Investment Banking & Brokerage
SI Capital & Financial Services Ltd,SICAPIT,Tour & Travel Services
Varyaa Creations Ltd,VARYAA,"Precious Metals, Jewellery & Watches"
UTI BSE Sensex Next 50 ETF,SNXT50BETA,Equity
Econo Trade (India) Ltd,ETIL,Diversified Financials
Edelweiss Nifty 50 ETF,ENIFTY,Equity
Ganon Products Ltd,GANONPRO,Commodities Trading
Norris Medicines Ltd,NORRIS,Pharmaceuticals
Regal Entertainment and Consultants Ltd,REGAL,Diversified Financials
Inspire Films Ltd,INSPIRE,Movies & TV Serials
Opal Luxury Time Products Ltd,OPAL,"Precious Metals, Jewellery & Watches"
Anna Infrastructures Ltd,ANNAINFRA,Real Estate
DJS Stock and Shares Ltd,DJSSS,Investment Banking & Brokerage
Globale Tessile Ltd,GLOBALE,Textiles
New Markets Avenue Ltd,NEWMKTAVE,IT Services & Consulting
G K Consultants Ltd,GKCONS,Diversified Financials
HDFC Nifty NEXT 50 ETF,HDFCNEXT50,Equity
ANS Industries Ltd,ANSINDUS,Packaged Foods & Meats
Sreechem Resins Ltd,SRECR,Commodity Chemicals
BIL Vyapar Limited,BILVYAPAR,Conglomerates
Adinath Textiles Ltd,ADINATH,Textiles
Golden Legand Leasing and Finance Ltd,GOLDLEG,Specialized Finance
Resourceful Automobile Ltd,RAL,Retail - Speciality
Mitshi India Ltd,MITSHI,Conglomerates
F G P Ltd,FGP,Business Support Services
Saptak Chem and Business Ltd,SCBL,Fertilizers & Agro Chemicals
Afloat Enterprises Ltd,ADISHAKTI,Commodities Trading
Tokyo Finance Ltd,TOKYOFIN,Consumer Finance
S & T Corporation Ltd,STCORP,Packaged Foods & Meats
Mihika Industries Ltd,MIHIKA,Commodities Trading
SP Refractories Ltd,SPRL,Cement
Natura Hue Chem Ltd,NATHUEC,Ports
Franklin Leasing and Finance Ltd,FRANKLIN,Diversified Financials
Jet Solar Ltd,JETINFRA,Real Estate
Manglam Global Corporations Ltd,MANGLAM,Agro Products
Arrowhead Seperation Engineering Ltd,ARROWHEAD,Industrial Machinery
Amiable Logistics (India) Ltd,AMIABLE,Logistics
Panabyte Technologies Ltd,PANABYTE,Commodities Trading
Supreme (India) Impex Ltd,SIIL,Textiles
Sanghvi Brands Ltd,SBRANDS,Wellness Services
Solid Stone Co Ltd,SOLIDSTON,Building Products - Others
Gajanan Securities Services Ltd,GAJANANSEC,Investment Banking & Brokerage
Raj Packaging Industries Ltd,RAJPACK,Packaging
Neopolitan Pizza and Foods Ltd,NPFL,Restaurants & Cafes
Perfect-Octave Media Projects Ltd,OCTAVE,Movies & TV Serials
DSP Nifty Private Bank ETF,PVTBANKADD,Equity
Bandhan Silver ETF,SILVERBND,Silver
Astron Multigrain Ltd,ASTRONMULT,Packaged Foods & Meats
G K P Printing & Packaging Ltd,GKP,Packaging
Kalyani Commercials Ltd,KALYANI,Consumer Finance
Edelweiss BSE Sensex ETF,ESENSEX,Equity
Typhoon Financial Services Ltd,TFSL,Diversified Financials
Natraj Proteins Ltd,NATRAJPR,FMCG - Foods
Angel One Nifty Total Market ETF,AONETOTAL,Equity
Containe Technologies Ltd,CONTAINE,Auto Parts
Dhillon Freight Carrier Ltd,DHILLON,Logistics
Universal Office Automation Ltd,UNIOFFICE,Industrial Machinery
Daulat Securities Ltd,DAULAT,Investment Banking & Brokerage
Comfort Commotrade Ltd,COMCL,Commodities Trading
KBS India Ltd,KBSINDIA,Investment Banking & Brokerage
Suryo Foods and Industries Ltd,SURFI,Packaged Foods & Meats
Radha Madhav Corporation Ltd,RMCL,Packaging
Fruition venture Ltd,FRUTION,Investment Banking & Brokerage
Datiware Maritime Infra Ltd,DATIWARE,Shipbuilding
Infronics Systems Ltd,INFRONICS,IT Services & Consulting
Velox Shipping and Logistics Ltd,VELOX,
Diggi Multitrade Ltd,DML,Real Estate
Ahimsa Industries Ltd,AHIMSA,Plastic Products
Tradewell Holdings Ltd,TRADEWELL,Investment Banking & Brokerage
Trio Mercantile And Trading Ltd,TRIOMERC,Commodities Trading
Bothra Metals and Alloys Ltd,BMAL,Metals - Aluminium
Asia Pack Ltd,ASIAPAK,Real Estate
Raunaq lnternational Ltd,RAUNAQ,Construction & Engineering
Globe Multi Ventures Ltd,GLCL,Commodities Trading
Global Longlife Hospital and Research Ltd,GLHRL,Hospitals & Diagnostic Centres
NPR Finance Ltd,NPRFIN,Consumer Finance
Alps Industries Ltd,ALPSINDUS,Textiles
Cemantic Infra-Tech Ltd,CEMAINFRA,Construction & Engineering
White Organic Agro Ltd,WHITEORG,FMCG - Foods
Creative Eye Ltd,CREATIVEYE,Movies & TV Serials
Prag Bosimi Synthetics Ltd,PRAGBOS,Textiles
Indo-City Infotech Ltd,INDOCITY,Diversified Financials
ACI Infocom Ltd,ACIIN,IT Services & Consulting
Hemo Organic Ltd,HEMORGANIC,Pharmaceuticals
Dolphin Kitchen Utensils and Appliances Ltd,DKUAL,Commodities Trading
Muller and Phipps (India) Ltd,MULLER,FMCG - Personal Products
Technopack Polymers Ltd,TECHNOPACK,Packaging
Tuni Textile Mills Ltd,TUNITEX,Textiles
Edelweiss Gold ETF,EGOLD,Gold
S V Trading and Agencies Ltd,ZSVTRADI,Investment Banking & Brokerage
Zinema Media and Entertainment Ltd,ZINEMA,Animation
Asian Warehousing Ltd,ASIAN,Advertising
ICICI Prudential Nifty Metal ETF,METALIETF,Equity
Eurotex Industries and Exports Ltd,EUROTEXIND,Textiles
Blue Chip India Ltd,BLUECHIP,Asset Management
DCM Financial Services Ltd,DCMFINSERV,Consumer Finance
Saroja Pharma Industries India Ltd,SAROJA,Pharmaceuticals
Unipro Technologies Ltd,UPROTECH,Software Services
Niraj Ispat Industries Ltd,NIRAJISPAT,Textiles
ICICI Prudential Nifty PSU Bank ETF,PSUBNKIETF,Equity
VCU Data Management Ltd,VCU,Electronic Equipments
Mideast Portfolio Management Ltd,MIDEASTP,Investment Banking & Brokerage
Ishan International Ltd,ISHAN,Industrial Machinery
Goenka Business & Finance Ltd,GBFL,Diversified Financials
Emmessar Biotech and Nutrition Ltd,EMMESSA,Pharmaceuticals
Shivagrico Implements Ltd,SHIVAGR,Agricultural & Farm Machinery
Veritaas Advertising Ltd,VERITAAS,Advertising
Prabhu Steel Industries Ltd,ZPRBHSTE,Iron & Steel
Ortin Global Ltd,ORTINGLOBE,Pharmaceuticals
Seasons Textiles Ltd,SEASONST,Textiles
Jackson Investments Ltd,JACKSON,Investment Banking & Brokerage
Uniinfo Telecom Services Ltd,UNIINFO,Telecom Services
Suncare Traders Ltd,SCTL,Commodities Trading
Surya India Ltd,SURYAINDIA,Real Estate
R J Shah and Company Ltd,RJSHAH,Construction & Engineering
Svaraj Trading and Agencies Ltd,ZSVARAJT,Commodities Trading
Beryl Securities Ltd,BERYLSE,Diversified Financials
United Interactive Ltd,UNITEDINT,IT Services & Consulting
Garware Marine Industries Ltd,GARWAMAR,Shipbuilding
UTI Nifty 5 yr Benchmark G-Sec ETF,GILT5BETA,Debt
Shree Krishna Infrastructure Ltd,SKIFL,Real Estate
Sovereign Diamonds Ltd,SOVERDIA,"Precious Metals, Jewellery & Watches"
Mirae Asset BSE Sensex ETF,SENSEXETF,Equity
Jiwanram Sheoduttrai Industries Ltd,JIWANRAM,Business Support Services
Edelweiss BSE Capital Markets & Insurance ETF,ECAPINSURE,Equity
Sungold Media and Entertainment Ltd,SMEL,Advertising
Vishvprabha Ventures Ltd,VISVEN,Investment Banking & Brokerage
OTCO International Ltd,OTCO,IT Services & Consulting
Karnavati Finance Ltd,KARNAVATI,Consumer Finance
Antarctica Ltd,ANTGRAPHIC,Packaging
J J Finance Corporation Ltd,JJFINCOR,Diversified Financials
Quality Foils (India) Ltd,QFIL,Metals - Diversified
Cian Healthcare Ltd,CHCL,Pharmaceuticals
Tijaria Polypipes Ltd,TIJARIA,Building Products - Pipes
Neil Industries Ltd,NEIL,Diversified Financials
Garbi Finvest Ltd,GARBIFIN,Consumer Finance
Shree Karthik Papers Ltd,SHKARTP,Paper Products
HB Leasing and Finance Co Ltd,HBLEAS,Diversified Financials
Tamil Nadu Steel Tubes Ltd,TNSTLTU,Building Products - Pipes
HDFC Nifty Growth Sectors 15 ETF,HDFCGROWTH,Equity
India Lease Development Ltd,INDLEASE,Specialized Finance
Jauss Polymers Ltd,JAUSPOL,Packaging
Suvidha Infraestate Corporation Ltd,SICL,Construction & Engineering
Sarthak Global Ltd,SARTHAKGL,Investment Banking & Brokerage
Sri Nachammai Cotton Mills Ltd,SRINACHA,Textiles
Gemstone Investments Ltd,GEMSI,Consumer Finance
SRG Fingrow Finance Ltd,SRGFFL,Specialized Finance
CitiChem India Ltd,CITICHEM,Specialty Chemicals
Bindal Exports Ltd,BINDALEXPO,Textiles
Sibar Auto Parts Ltd,SIBARAUT,Auto Parts
Oxford Industries Ltd,OXFORDIN,Textiles
Shukra Jewellery Ltd,SHUKJEW,"Precious Metals, Jewellery & Watches"
GCM Securities Ltd,GCMSECU,Investment Banking & Brokerage
Shree Manufacturing Co Ltd,SHRMFGC,Textiles
The Wealth Company Gold ETF,TWCGOLDETF,Gold
Elegant Floriculture & Agrotech (India) Ltd,ELEFLOR,Agro Products
DAPS Advertising Ltd,DAPS,Advertising
Citi Port Financial Services Ltd,CITIPOR,Diversified Financials
Motilal Oswal Silver ETF,MOSILVER,Silver
Sanathnagar Enterprises Ltd,SEL,Real Estate
Link Pharmachem Ltd,LINKPH,Commodity Chemicals
Samyak International Ltd,SAMYAKINT,Commodities Trading
SRU Steels Ltd,SRUSTEELS,Iron & Steel
New Light Industries Ltd,NEWLIGHT,Apparel & Accessories
Amforge Industries Ltd,AMFORG,Consumer Finance
Educomp Solutions Ltd,EDUCOMP,Education Services
Rajdarshan Industries Ltd,ARENTERP,Mining - Diversified
PBA Infrastructure Ltd,PBAINFRA,Construction & Engineering
BKM Industries Ltd,BKMINDST,Packaging
Mirae Asset Nifty IT ETF,ITETF,Equity
DSP BSE Liquid Rate ETF,LIQUIDADD,Equity
Associated Coaters Ltd,ASSOCIATED,Building Products - Others
Shangar Decor Ltd,SHANGAR,Home Furnishing
Computer Point Ltd,COMPUPN,IT Services & Consulting
Aditya Birla Sun Life CRISIL Broad Based Gilt ETF,ABGSEC,Equity
Scintilla Commercial & Credit Ltd,SCC,Specialized Finance
SDC Techmedia Ltd,SDC,Rail
Univa Foods Ltd,UNIVAFOODS,"Hotels, Resorts & Cruise Lines"
Vedant Asset Ltd,VEDANTASSET,Specialized Finance
Mirae Asset Nifty 1D Rate Liquid ETF   Growth,LIQUIDPLUS,Debt
Sabrimala Industries India Ltd,SIIL,Technology Hardware
Sumeru Industries Ltd,SUMERUIND,Business Support Services
SMVD Polypack Ltd,SMVD,Packaging
Gallops Enterprise Ltd,GALLOPENT,Real Estate
Dhanuka Infra Realty Ltd,DIRL,Real Estate
Kizi Apparels Ltd,KIZI,Apparel & Accessories
Frontier Capital Ltd,FRONTCAP,Diversified Financials
Kenrik Industries Ltd,KENRIK,"Precious Metals, Jewellery & Watches"
Kahan Packaging Ltd,KAHAN,Packaging
Motilal Oswal BSE Healthcare ETF,MOHEALTH,Equity
Parampara Dairy Delights Ltd,PARAMPARA,Packaging
Panther Industrial Products Ltd,PANIDPR,Investment Banking & Brokerage
MT Educare Ltd,MTEDUCARE,Education Services
Super Fine Knitters Ltd,SKL,Apparel & Accessories
HDFC NIFTY Midcap 150 ETF,HDFCMID150,Equity
First Custodian Fund (India) Ltd,1STCUS,Investment Banking & Brokerage
Jindal Cotex Ltd,JINDCOT,Textiles
Coastal Roadways Ltd,COARO,Logistics
Compuage Infocom Ltd,COMPINFO,Technology Hardware
Pyxis Finvest Ltd,PYXISFIN,Diversified Financials
Santosh Fine Fab Ltd,SANTOSHF,Textiles
Goblin India Ltd,GOBLIN,Retail - Speciality
Nexus Surgical and Medicare Ltd,NEXUSSURGL,Pharmaceuticals
Phyto Chem (India) Ltd,PHYTO,Fertilizers & Agro Chemicals
Kumbhat Financial Services Ltd,KUMPFIN,Diversified Financials
ICICI Prudential Nifty Infrastructure ETF,INFRAIETF,Equity
Ontic Finserve Ltd,ONTIC,Specialized Finance
Mish Designs Ltd,MISHDESIGN,Apparel & Accessories
ICICI Prudential Nifty 200 Quality 30 ETF,QUAL30IETF,Equity
Rajvi Logitrade Ltd,RAJVI,Logistics
Tarini International Ltd,TARINI,Renewable Energy
Southern Infoconsultants Ltd,SOUTHERNIN,IT Services & Consulting
Bandhan Gold ETF,GOLDBND,Gold
Billwin Industries Ltd,BILLWIN,Apparel & Accessories
Rander Corp Ltd,RANDER,Real Estate
Welterman International Ltd,WELTI,Fertilizers & Agro Chemicals
Rajasthan Petro Synthetics Ltd,RAJSPTR,Logistics
Kuwer Industries Ltd,KUWERIN,Packaging
Aditya Birla Sun Life CRISIL 10 Year Gilt ETF,GSEC10ABSL,Equity
HDFC NIFTY Smallcap 250 ETF,HDFCSML250,Equity
Kush Industries Ltd,KUSHIND,Textiles
Ushakiran Finance Ltd,USHAKIRA,Diversified Financials
Kinetic Trust Ltd,KINETRU,Investment Banking & Brokerage
Beryl Drugs Ltd,BERLDRG,Pharmaceuticals
Garware Synthetics Ltd,GARWSYN,Textiles
Rajasthan Cylinders and Containers Ltd,RCCL,Oil & Gas - Storage & Transportation
Tarai Foods Ltd,TARAI,Packaged Foods & Meats
Bajaj Finserv Nifty 1D Rate Liquid ETF - Growth,LIQUIDBETF,Debt
Western Overseas Study Abroad Ltd,WOSAL,Education Services
United Leasing & Industries Ltd,UNTTEMI,Textiles
NB Footwear Ltd,NBFOOT,Apparel & Accessories
Shanti Guru Industries Ltd,SHANTIGURU,FMCG - Foods
Vellora Impact Ltd,PRATIKSH,Commodity Chemicals
Shrydus Industries Ltd,SHRYDUS,Commodity
Gagan Gases Ltd,GAGAN,Oil & Gas - Storage & Transportation
Quadpro Ites Ltd,QUADPRO,Business Support Services
Dalal Street Investments Ltd,DSINVEST,Investment Banking & Brokerage
Pasari Spinning Mills Ltd,PASARI,Textiles
Catvision Ltd,CATVISION,Communication & Networking
KCD Industries India Ltd,KCDGROUP,Real Estate
Transwind Infrastructures Ltd,TRANSWIND,Construction & Engineering
Neelkanth Rock-Minerals Ltd,NEELKAN,Building Products - Granite
GTN Textiles Ltd,GTNTEX,Textiles
Suumaya Industries Ltd,SUULD,Apparel & Accessories
Mid India Industries Ltd,MIDINDIA,Textiles
Northlink Fiscal and Capital Services Ltd,NORTHLINK,Construction & Engineering
Shashank Traders Ltd,SHASHANK,Textiles
DSP Nifty Healthcare ETF,HEALTHADD,Equity
Samtex Fashions Ltd,SAMTEX,Apparel & Accessories
RGF Capital Markets Ltd,RGF,Diversified Financials
Lords Ishwar Hotels Ltd,LORDSHOTL,"Hotels, Resorts & Cruise Lines"
Pan Electronics (India) Ltd,PANELEC,Electrical Components & Equipments
Svam Software Ltd,SVAMSOF,Software Services
Yunik Managing Advisors Ltd,YUNIKM,Business Support Services
Shree Ganesh Elastoplast Ltd,SHGANEL,Agro Products
East Buildtech Ltd,EASTBUILD,Real Estate
Clio Infotech Ltd,CLIOINFO,Consumer Finance
RLF Ltd,RLF,Textiles
Interactive Financial Services Ltd,IFINSER,Investment Banking & Brokerage
Rajputana Investment & Finance Ltd,RAJPUTANA,Investment Banking & Brokerage
KOBO Biotech Ltd,KOBO,Pharmaceuticals
Axis BSE Sensex ETF,AXSENSEX,Equity
Indifra Ltd,INDIFRA,Construction & Engineering
Ishaan Infrastructures and Shelters Ltd,IISL,Construction & Engineering
HDFC Nifty200 Momentum 30 ETF,HDFCMOMENT,Equity
Net Pix Shorts Digital Media Ltd,NETPIX,Online Services
Mirae Asset Nifty 100 Low Volatility 30 ETF,LOWVOL,Equity
Bhagawati Gas Ltd,BHAGGAS,Commodity Chemicals
Polycon International Ltd,POLYCON,Plastic Products
Hathway Bhawani Cabletel and Datacom Ltd,HATHWAYB,Cable & D2H
Indo Euro Indchem Ltd,INDOEURO,Specialty Chemicals
Groww Nifty Metal ETF,GROWWMETAL,Equity
Inani Securities Ltd,INANISEC,Investment Banking & Brokerage
Swasth Foodtech India Ltd,SWASTH,FMCG - Foods
Octal Credit Capital Ltd,OCTAL,Diversified Financials
Angel One Gold ETF,AONEGOLD,Gold
Ladam Affordable Housing Ltd,LAHL,Real Estate
3C IT Solutions & Telecoms (India) Ltd,3CIT,IT Services & Consulting
Plada Infotech Services Ltd,PLADAINFO,Software Services
ICICI Prudential Nifty 200 Momentum 30 ETF,MOM30IETF,Equity
Crane Infrastructure Ltd,CRANEINFRA,Real Estate
Arihant's Securities Ltd,ARISE,Diversified Financials
Vision Cinemas Ltd,VISIONCINE,Movies & TV Serials
Ashish Polyplast Ltd,ASHISHPO,Building Products - Pipes
C J Gelatine Products Ltd,CJGEL,Specialty Chemicals
Getalong Enterprise Ltd,GETALONG,Business Support Services
Sparc Electrex Ltd,SPAR,Electronic Equipments
Jayabharat Credit Ltd,JAYBHCR,Specialized Finance
Motilal Oswal BSE Quality ETF,MOQUALITY,Equity
Anjani Finance Ltd,ANJANIFIN,Diversified Financials
Longspur International Ventures Ltd,LONGSPUR,Labs & Life Sciences Services
Reetech International Ltd,REETECH,Commodities Trading
Jonjua Overseas Ltd,JONJUA,Conglomerates
UTI Nifty Midcap 150 Exchange Traded Fund,MIDCAPBETA,Equity
Euphoria Infotech (India) Ltd,EUPHORIAIT,IT Services & Consulting
Laddu Gopal Online Services Ltd,LADDU,Real Estate
Aditya Birla Sun Life MSCI India ETF,ABSLMSCIN,Equity
ICICI Pru Nifty Commodities ETF,COMMOIETF,Equity
Mount Housing and Infrastructure Ltd,MOUNT,
Nippon India Nifty India Manufacturing ETF,MANUFGBEES,Equity
Milestone Global Ltd,MILESTONE,Building Products - Granite
Libord Securities Ltd,LIBORD,Investment Banking & Brokerage
Ganesh Holdings Ltd,GANHOLD,Investment Banking & Brokerage
Monind Ltd,MONIND,Metals - Diversified
Ghushine Fintrrade Ocean Ltd,GHUSHINE,Textiles
ADITYA BSL Nifty 200 Momentum 30 ETF,MOMENTUM,Equity
Lime Chemicals Ltd,LIMECHM,Commodity Chemicals
Modern Shares and Stockbrokers Ltd,MODRNSH,Investment Banking & Brokerage
Nivaka Fashions Ltd,NIVAKA,Apparel & Accessories
Minaxi Textiles Ltd,MINAXI,Textiles
Croissance Ltd,CROISSANCE,Restaurants & Cafes
Motilal Oswal Nifty Capital Market ETF,MOCAPITAL,Equity
Sabar Flex India Ltd,SABAR,Packaging
Gala Global Products Ltd,GGPL,Business Support Services
Sujala Trading & Holdings Ltd,SUJALA,Diversified Financials
BMB Music and Magnetics Ltd,BMBMUMG,Movies & TV Serials
Kuber Udyog Ltd,KUBERJI,Specialty Chemicals
Motilal Oswal Gold ETF,MOGOLD,Gold
Eastcoast Steel Ltd,ECSTSTL,Iron & Steel
Sab Events & Governance Now Media Ltd,SABEVENTS,Publishing
Mayur Floorings Ltd,MAYURFL,Building Products - Granite
BNR Udyog Ltd,BNRUDY,IT Services & Consulting
Rotographics (India) Ltd,RGIL,Commodities Trading
Skyline Ventures India Ltd,SKILVEN,Real Estate
Broach Lifecare Hospital Ltd,BROACH,Hospitals & Diagnostic Centres
Nouveau Global Ventures Ltd,NOUVEAU,Conglomerates
Mayur Leather Products Ltd,MAYUR,Footwear
Lyons Corporate Market Ltd,LYONSCO,Diversified Financials
Super Bakers Ltd,SUPERBAK,Packaged Foods & Meats
VB Industries Ltd,VBIND,Diversified Financials
Chothani Foods Ltd,CHOTHANI,Agro Products
Tasty Dairy Specialities Ltd,TDSL,Agro Products
Newtrac Foods & Beverages Ltd,NEWTRAC,Agro Products
Chadha Papers Ltd,CHADPAP,Paper Products
Premier Ltd,PREMIER,Industrial Machinery
Explicit Finance Ltd,EXPLICITFIN,Investment Banking & Brokerage
Prashant India Ltd,PRSNTIN,Textiles
DSP Nifty Bank ETF,BANKADD,Equity
Konndor Industries Ltd,KONNDOR,Paper Products
Kotak Nifty MNC ETF,MNC,Equity
Groww Nifty 500 Momentum 50 ETF,GROWWMOM50,Equity
Net Avenue Technologies Ltd,CBAZAAR,Textiles
Photoquip India Ltd,PHOTOQUP,Electronic Equipments
Dhyaani Tradeventtures Ltd,DHYAANITR,Diversified Financials
Mercury Trade Links Ltd,MERCTRD,Investment Banking & Brokerage
Natural Biocon (India) Ltd,NATURAL,Agro Products
Unjha Formulations Ltd,UNJHAFOR,FMCG - Personal Products
RO Jewels Ltd,ROJL,"Precious Metals, Jewellery & Watches"
Galada Finance Ltd,GALADAFIN,Investment Banking & Brokerage
Marshall Machines Ltd,MARSHALL,Industrial Machinery
Aadi Industries Ltd,AADIIND,Stationery
Castora Agri Commodities Ltd,CASTORA,Iron & Steel
Triveni Glass Ltd,TRIVENIGQ,Building Products - Glass
Sheshadri Industries Ltd,SHESHAINDS,Textiles
Tashi India Ltd,TASHIND,Diversified Financials
Clinitech Laboratory Ltd,CTLLAB,Health Care Equipment & Supplies
Indergiri Finance Ltd,INDERGR,Diversified Financials
Dr Lalchandani Labs Ltd,DLCL,Hospitals & Diagnostic Centres
Shree Rajiv Lochan Oil Extraction Ltd,SHRAJOI,Advertising
SW Investments Ltd,SW1,Consumer Finance
SBI BSE PSU BANK ETF,SBIBPB,Equity
Sunraj Diamond Exports Ltd,SUNRAJDI,"Precious Metals, Jewellery & Watches"
Mirae Asset Nifty Energy ETF,ENERGY,Equity
Mehta Securities Ltd,MEHSECU,Investment Banking & Brokerage
Sterling Greenwoods Ltd,STRGRENWO,Real Estate
Solve Plastic Products Ltd,BALCO,Plastic Products
ISF Ltd,ISFL,Specialized Finance
Yashraj Containeurs Ltd,YASHRAJC,Packaging
HDFC Nifty100 Low Volatility 30 ETF,HDFCLOWVOL,Equity
Thirani Projects Ltd,TPROJECT,Investment Banking & Brokerage
Groww BSE Power ETF,GROWWPOWER,Equity
Bansisons Tea Industries Ltd,BANSTEA,Tea & Coffee
Kalahridhaan Trendz Ltd,KTL,Textiles
Eureka Industries Ltd,EUREKAI,Textiles
Prima Agro Ltd,PRIMAGR,Agro Products
Mirae Asset Nifty India Internet ETF,INTERNET,Equity
Trinity League India Ltd,TRINITYLEA,Business Support Services
Haria Apparels Ltd,HARIAAPL,Textiles
Golden Carpets Ltd,GOLCA,Textiles
MPL Plastics Ltd,MPL,Commodity Chemicals
Uniroyal Marine Exports Ltd,UNRYLMA,Packaged Foods & Meats
Motilal Oswal Nifty 500 Momentum 50 ETF,MOMENTUM50,Equity
HDFC BSE 500 ETF,HDFCBSE500,Equity
Nutech Global Ltd,NUTECGLOB,Textiles
Sirohia & Sons Ltd,SIROHIA,Fertilizers & Agro Chemicals
BFL Asset Finvest Ltd,BFLAFL,Investment Banking & Brokerage
Finelistings Technologies Ltd,FTL,Retail - Speciality
Jayatma Industries Ltd,JAYIND,Textiles
Winny Immigration & Education Services Ltd,WINNY,Academic & Educational Services
Veerkrupa Jewellers Ltd,VEERKRUPA,"Precious Metals, Jewellery & Watches"
V B Desai Financial Services Ltd,VBDESAI,Investment Banking & Brokerage
Genomic Valley Biotech Ltd,GVBL,Biotechnology
Dhanvantri Jeevan Rekha Ltd,ZDHJERK,Hospitals & Diagnostic Centres
Shiva Suitings Ltd,SHVSUIT,Textiles
VK Global Industries Ltd,VKGLOBAL,Agro Products
Rich Universe Network Ltd,RICHUNV,Diversified Financials
Money Masters Leasing and Finance Ltd,MMLF,Diversified Financials
Hindustan Bio Sciences Ltd,HINDBIO,Biotechnology
IGC Industries Ltd,IGCIL,Textiles
ICICI Prudential Nifty200 Value 30 ETF,VAL30IETF,Equity
Transpact Enterprises Ltd,TRANSPACT,Health Care Equipment & Supplies
EVOQ Remedies Ltd,EVOQ,Pharmaceuticals
Devine Impex Ltd,DEVINE,Commodities Trading
Kotak Nifty India Consumption ETF,CONS,Equity
Groww Nifty 200 ETF,GROWWN200,Equity
Groww Nifty 50 ETF,GROWWNIFTY,Equity
PS IT Infrastructure & Services Ltd,PSITINFRA,Technology Hardware
Agarwal Fortune India Ltd,AGARWAL,Building Products - Others
Kalpa Commercial Ltd,KALPACOMME,Textiles
Rite Zone Chemcon India Ltd,RITEZONE,Construction & Engineering
Kiran Syntex Ltd,KIRANSY-B,Textiles
Swagtam Trading and Services Ltd,SWAGTAM,Real Estate
Millennium Online Solutions (India) Ltd,MILLENNIUM,Technology Hardware
Risa International Ltd,RISAINTL,Real Estate
Parker Agro Chem Exports Ltd,PARKERAC,Oil & Gas - Storage & Transportation
Gratex Industries Ltd,GRATEXI,Commodities Trading
Karnawati Innovation Ltd,KARNAWATI,Packaging
Sri Amarnath Finance Ltd,AMARNATH,Investment Banking & Brokerage
Frontline Financial Services Ltd,FRONTFN,Construction & Engineering
Euro-Leder Fashion Ltd,EUROLED,Apparel & Accessories
KMF Builders and Developers Ltd,KMFBLDR,Real Estate
ADITYA BSL Nifty 200 Quality 30 ETF,NIFTYQLITY,Equity
Sri Lakshmi Saraswathi Textiles (Arni) Ltd,SLSTLQ,Textiles
Bhagawati Oxygen Ltd,BHAGWOX,Commodity Chemicals
Priya Ltd,PRIYALT,IT Services & Consulting
Space Incubatrics Technologies Ltd,SPACEINCUBA,IT Services & Consulting
BGIL Films & Technologies Ltd,BGIL,Movies & TV Serials
Kairosoft AI Solutions Ltd,VOLKAI,Specialized Finance
Nyssa Corporation Ltd,NYSSACORP,Real Estate
Shree Hanuman Sugar & Industries Ltd,HANSUGAR,Sugar
Kabra Commercial Ltd,KCL,Commodities Trading
Decipher Labs Ltd,DECIPHER,Pharmaceuticals
Groww Nifty Smallcap 250 ETF,GROWWSC250,Equity
Hasti Finance Ltd,HASTIFIN,Consumer Finance
Edelweiss Nifty500 Multicap Momentum Quality50 ETF,EMULTIMQ,Equity
Peeti Securities Ltd,PEETISEC,Textiles
Integra Capital Ltd,INTCAPL,Diversified Financials
Yarn Syndicate Ltd,YARNSYN,Textiles
Omega AG Seeds Punjab Ltd,OMEAG,Agro Products
Gujrat Credit Corporation Ltd,GUJCRED,Real Estate
Looks Health Services Ltd,LOOKS,Health Care Equipment & Supplies
Groww Nifty Chemicals ETF,GROWWCHEM,Equity
Padmalaya Telefilms Ltd,PADMALAYAT,Movies & TV Serials
MFS Intercorp Ltd,MFSINTRCRP,Iron & Steel
Motilal Oswal Nifty India Defence ETF,MODEFENCE,Equity
Deccan Polypacks Ltd,DECPO,Plastic Products
Vinayak Polycon International Ltd,VINAYAKPOL,Packaging
DSP BSE Sensex Next 30 ETF,NEXT30ADD,Equity
First Fintec Ltd,FIRSTFIN,IT Services & Consulting
Objectone Information Systems Ltd,OONE,IT Services & Consulting
Delta Industrial Resources Ltd,DELTA,Textiles
Vivanza Biosciences Ltd,VIVANZA,Pharmaceuticals
Shanti Overseas (India) Ltd,SHANTI,Packaged Foods & Meats
Aarcon Facilities Ltd,AARCON,"Hotels, Resorts & Cruise Lines"
Indo Credit Capital Ltd,INDOCRED,Investment Banking & Brokerage
Worldwide Aluminium Ltd,WWALUM,Commodities Trading
Premier Synthetics Ltd,PREMSYN,Textiles
Mahaveer Infoway Ltd,MAHAVEER,IT Services & Consulting
Alexander Stamps and Coin Ltd,ALEXANDER,Diversified Financials
Axis Nifty500 Value 50 ETF,AXISVALUE,Equity
Motilal Oswal Nifty Smallcap 250 ETF,MOSMALL250,Equity
National Plywood Industries Ltd,NATPLY,Building Products - Laminates
Mirae Asset Nifty India New Age Consumption ETF,CONSUMER,Equity
Kotak Nifty Chemicals ETF,CHEMICAL,Equity
Nippon India BSE Sensex Next 30 ETF,SNXT30BEES,Equity
Ganga Pharmaceuticals Ltd,GANGAPHARM,Pharmaceuticals
Lexoraa Industries Ltd,LEXORAA,"Precious Metals, Jewellery & Watches"
Brijlaxmi Leasing & Finance Ltd,BRIJLEAS,Investment Banking & Brokerage
Jagjanani Textiles Ltd,JAGJANANI,Textiles
Manor Estates and Industries Ltd,KARANWO,Real Estate
Enterprise International Ltd,ENTRINT,Textiles
Hittco Tools Ltd,HITTCO,Industrial Machinery
Omkar Speciality Chemicals Ltd,OMKARCHEM,Specialty Chemicals
Vikalp Securities Ltd,VIKALPS,Investment Banking & Brokerage
Bright Solar Ltd,BRIGHT,Industrial Machinery
Groww Nifty Capital Markets ETF,GROWWCAPM,Equity
Quantum Digital Vision (India) Ltd,QUANTDIA,Construction & Engineering
Motilal Oswal Nifty Energy ETF,MOENERGY,Equity
DSP BSE Sensex ETF,SENSEXADD,Equity
Epsom Properties Ltd,EPSOMPRO,Real Estate
Jain Marmo Industries Ltd,JAINMARMO,Building Products - Granite
Sailani Tours N Travel Limited,SAILANI,Tour & Travel Services
Vintage Securities Ltd,VINTAGES,Consumer Finance
Padmanabh Alloys and Polymers Ltd,PADALPO,Plastic Products
Mirae Asset BSE 500 Dividend Leaders 50 ETF,DIVIDEND,Equity
Mystic Electronics Ltd,MYSTICELE,Electronic Equipments
ICICI Prudential Nifty EV & New Age Automotive ETF,EVIETF,Equity
Amanaya Ventures Ltd,AMANAYA,"Precious Metals, Jewellery & Watches"
Incon Engineers Ltd,INCON,Industrial Machinery
Kotak MSCI India ETF,MSCIINDIA,Equity
Mirae Asset Nifty Smallcap 250 ETF,SMALL250,Equity
Groww Nifty India Internet ETF,GROWWNET,Equity
Shree Steel Wire Ropes Ltd,SSWRL,Iron & Steel
Transglobe Foods Ltd,TRANSFD,FMCG - Foods
M Lakhamsi Industries Ltd,MLINDLTD,Agro Products
Supertex Industries Ltd,SUPERTEX,Textiles
Futuristic Securities Ltd,FUTURSEC,Investment Banking & Brokerage
Aravali Securities and Finance Ltd,ARAVALIS,Investment Banking & Brokerage
Mirae Asset Nifty50 Equal Weight ETF,EQUAL50,Equity
Angel One Nifty 50 ETF,AONENIFTY,Equity
GCM Capital Advisors Ltd,GCMCAPI,Investment Banking & Brokerage
Polymac Thermoformers Ltd,POLYMAC,Plastic Products
Setubandhan Infrastructure Ltd,SETUINFRA,Construction & Engineering
BCL Enterprises Ltd,BCLENTERPR,Diversified Financials
Kotak Nifty Midcap 150 ETF,MID150,Equity
Abhinav Leasing & Finance Ltd,ALFL,Specialized Finance
DSP Nifty Next 50 ETF,NEXT50ADD,Equity
Flora Corporation Ltd,FLORACORP,Consumer Finance
Haria Exports Ltd,HARIAEXPO,Commodities Trading
Magenta Lifecare Ltd,MAGENTA,Cables
DSP Nifty500 Flexicap Quality 30 ETF,FLEXIADD,Equity
Nihar Info Global Ltd,NIHARINF,IT Services & Consulting
Filmcity Media Ltd,FILME,Movies & TV Serials
Sophia Traexpo Ltd,STRAEXPO,Paper Products
Groww Nifty Next 50 ETF,GROWWNXT50,Equity
SecUR Credentials Ltd,SECURCRED,Employment Services
Grandma Trading and Agencies Ltd,GRANDMA,Commodities Trading
Lead Financial Services Ltd,LEADFIN,Diversified Financials
Shelter Infra Projects Ltd,SIPL,Construction & Engineering
Omni AX's Software Ltd,OMNIAX,Software Services
Brawn Biotech Ltd,BRAWN,Pharmaceuticals
Shri Ram Switchgears Ltd,SRIRAM,Electrical Components & Equipments
Mirae Asset BSE 200 Equal Weight ETF,EQUAL200,Equity
Arcee Industries Ltd,ARCEEIN,Plastic Products
Aryan Share & Stock Brokers Ltd,ARYAN,Investment Banking & Brokerage
Kotak Nifty 100 Equal Weight ETF,NIFTY100EW,Equity
Kuberan Global Edu Solutions Ltd,KGES,Education Services
Triveni Enterprises Ltd,TRIVENIENT,Commodities Trading
Atharv Enterprises Ltd,ATHARVENT,Commodities Trading
Gian Life Care Ltd,GIANLIFE,Health Care Equipment & Supplies
DSP Nifty Midcap 150 ETF,MIDCAPADD,Equity
Amraworld Agrico Ltd,AMRAAGRI,Commodities Trading
ICICI Prudential Nifty Top 15 Equal Weight ETF,TOP15IETF,Equity
Mukta Agriculture Ltd,MUKTA,Commodities Trading
Patron Exim Ltd,PATRON,Pharmaceuticals
Olympic Oil Industries Ltd,OLYOI,Paper Products
Stanpacks (India) Ltd,STANPACK,Packaging
Sikozy Realtors Ltd,SIKOZY,Real Estate
Superior Finlease Ltd,SUPERIOR,Specialized Finance
Virgo Global Ltd,VIRGOGLOB,IT Services & Consulting
DSP MSCI India ETF,MSCIADD,Equity
Wherrelz IT Solutions Ltd,WITS,IT Services & Consulting
Kotak Nifty200 Quality 30 ETF,QUALITY30,Equity
CHD Chemicals Ltd,CHDCHEM,Commodities Trading
Shivansh Finserve Ltd,SHIVA,Investment Banking & Brokerage
Oswal Yarns Ltd,OSWAYRN,Textiles
Williamson Financial Services Ltd,WILLIMFI,Specialized Finance
Ashram Online.com Ltd,ASHRAM,Retail - Online
Agio Paper & Industries Ltd,AGIOPAPER,Paper Products
Universal Arts Ltd,UNIVARTS,Movies & TV Serials
Mirae Asset BSE Select IPO ETF,SELECTIPO,Equity
Multipurpose Trading and Agencies Ltd,ZMULTIPU,Specialized Finance
DSP Nifty Smallcap 250 ETF,SMALLADD,Equity
Prime Capital Market Ltd,PRIMECAPM,Diversified Financials
Padmanabh Industries Ltd,PADMAIND,Diversified Chemicals
UTL Industries Ltd,UTLINDS,Iron & Steel
Motilal Oswal Nifty India Manufacturing ETF,MOMGF,Equity
Lakshmi Precision Screws Ltd,LAKPRE,Industrial Machinery
Systematix Securities Ltd,SYTIXSE,Diversified Financials
Motilal Oswal Nifty Next 50 ETF,MONEXT50,Equity
Retro Green Revolution Ltd,RGRL,Agricultural & Farm Machinery
Shikhar Consultants Ltd,SHIKHAR,Diversified Financials
Elango Industries Ltd,ELANGO,Power Infrastructure
Bloom Dekor Ltd,BLOOM,Wood Products
Siddheswari Garments Ltd,SIDDHEGA,Investment Banking & Brokerage
Raghunath International Ltd,RAGHUNAT,Real Estate
Zerodha Nifty Smallcap 100 ETF,SML100CASE,Equity
A F Enterprises Ltd,AFEL,Investment Banking & Brokerage
MOTILAL OSWAL NIFTY 50 EQUAL WEIGHT ETF,MON50EQUAL,Equity
Groww Gold ETF,GROWWGOLD,Gold
Shree Precoated Steels Ltd,SPSL,Real Estate
Purple Entertainment Ltd,PURPLE,Movies & TV Serials
Munoth Communication Ltd,MCLTD,Technology Hardware
Groww Nifty Midcap 150 ETF,GROWWMC150,Equity
Promact Plastics Ltd,PROMACT,Plastic Products
Sahara Maritime Ltd,SMARITIME,Logistics
UTI Nifty IT ETF,ITBETA,Equity
Global Infratech & Finance Ltd,GBLINFRA,Diversified Financials
Motilal Oswal Nifty Realty ETF,MOREALTY,Equity
Groww Nifty Realty ETF,GROWWRLTY,Equity
MPAgro Industries Ltd,MPAGI,Fertilizers & Agro Chemicals
Motilal Oswal Nifty MNC ETF,MOMNC,Equity
Ambitious Plastomac Company Ltd,AMBIT,Real Estate
Motilal Oswal Nifty Pse ETF,MOPSE,Equity
Sungold Capital Ltd,SUNGOLD,Diversified Financials
Decorous Investment and Trading Co Ltd,DITCO,Real Estate
Motilal Oswal Nifty 100 ETF,MONIFTY100,Equity
Jointeca Education Solutions Ltd,JOINTECAED,Software Services
Motilal Oswal BSE Top 10 Banks ETF,MOBANK10,Equity
Mirae Asset Nifty Top 20 Equal Weight ETF,TOP 20.00,Equity
Zerodha Nifty 50 ETF,NIFTYCASE,Equity
Motilal Oswal BSE India Infrastructure ETF,MOINFRA,Equity
Angel One Nifty Total Market Momentum Qlty 50 ETF,AONETMMQ50,Equity
Sahaj Fashions Ltd,SAHAJ,Retail - Apparel
Heera Ispat Ltd,HEERAISP,Iron & Steel
Symbiox Investment & Trading Co Ltd,SYMBIOX,Textiles
Kakatiya Textiles Ltd,KAKTEX,Textiles
Kotak Nifty 200 Momentum 30 ETF,MOMENTUM30,Equity
Sun Retail Ltd,SUNRETAIL,Agro Products
Ortel Communications Ltd,ORTEL,Cable & D2H
Aditya Ispat Ltd,ADITYA,Iron & Steel
Motilal Oswal Nifty Midcap150 Momentum 50 ETF,MOMIDMTM,Equity
Saianand Commercial Ltd,SAICOM,Diversified Financials
Dharani Finance Ltd,DHARFIN,Diversified Financials
Voltaire Leasing and Finance Ltd,VOLLF,Specialized Finance
Modella Woollens Ltd,MODWOOL,Textiles
Adjia Technologies Ltd,ADJIA,Animation
Wagend Infra Venture Ltd,WAGEND,Specialized Finance
Continental Controls Ltd,CONTICON,Electrical Components & Equipments
Nippon India ETF Nifty Dividend Opportunities 50,DIVOPPBEES,Equity
Bharatiya Global Infomedia Ltd,BGLOBAL,IT Services & Consulting
CMI Ltd,CMICABLES,Cables
Boston Commerce Ltd,BOSTON,Investment Banking & Brokerage
Motilal Oswal Nifty Alpha 50 ETF,MOALPHA50,Equity
Groww Nifty 500 Low Volatility 50 ETF,GROWWLOVOL,Equity
Olympic Cards Ltd,OLPCL,Paper Products
UTI Nifty 10 yr Benchmark G-Sec ETF,GILT10BETA,Debt
Vision Corporation Ltd,VISIONCO,Movies & TV Serials
K Z Leasing and Finance Ltd,KZLFIN,Consumer Finance
Pasupati Fincap Ltd,PASUFIN,Diversified Financials
Siddha Ventures Ltd,SIDDHA,Investment Banking & Brokerage
IMP Powers Ltd,INDLMETER,Heavy Electrical Equipments
Gconnect Logitech and Supply Chain Ltd,GCONNECT,Specialized Finance
Coral Newsprints Ltd,CORNE,Paper Products
S G N Telecoms Ltd,SGNTE,Electrical Components & Equipments
Karnimata Cold Storage Ltd,KCSL,Logistics
VXL Instruments Ltd,VXLINSTR,Technology Hardware
Perfect Infraengineers Ltd,PERFECT,Home Electronics & Appliances
Vallabh Steels Ltd,VALLABHSQ,Building Products - Pipes
Amerise Biosciences Ltd,AMERISE,Wood Products
Longview Tea Co Ltd,LONTE,Tea & Coffee
Naksh Precious Metals Ltd,NAKSH,"Precious Metals, Jewellery & Watches"
Ekam Leasing and Finance Co Ltd,EKAMLEA,Investment Banking & Brokerage
Patidar Buildcon Ltd,PATIDAR,Real Estate
R R Securities Ltd,RRSECUR,Consumer Finance
MOTILAL OSWAL BSE SELECT IPO ETF,MOIPO,Equity
Mahasagar Travels Ltd,MHSGRMS,Tour & Travel Services
Jainco Projects (India) Ltd,JAINCO,Consumer Finance
Invesco India Nifty 50 ETF,IVZINNIFTY,Equity
Motilal Oswal Nifty Services Sector ETF,MOSERVICE,Equity
Rajkot Investment Trust Ltd,RAJKOTINV,Investment Banking & Brokerage
Nippon India ETF Nifty 50 Shariah BeES,SHARIABEES,Equity
Abhishek Infraventures Ltd,ABHIINFRA,Construction & Engineering
Hanman Fit Ltd,HANMAN,Wellness Services
Ken Financial Services Ltd,KENFIN,Diversified Financials
Fabino Enterprises Ltd,FABINO,Pharmaceuticals
Thakkers Group Ltd,THAKKERS,Real Estate
Tranway21 Technologies Ltd,TRANWAY21,Software Services
Simplex Papers Ltd,SIMPLXPAP,Paper Products
Mahalaxmi Seamless Ltd,MAHALXSE,Iron & Steel
Motilal Oswal Nifty India Tourism ETF,MOTOUR,Equity
Cindrella Financial Services Ltd,CINDRELL,Diversified Financials
Integrated Thermoplastics Ltd,INTETHR,Commodity Chemicals
Sea TV Network Ltd,SEATV,TV Channels & Broadcasters
Encode Packaging India Ltd,ENCODE,Packaging
Tridev Infraestates Ltd,ASHUTPM,Paper Products
Krishna Filament Industries Ltd,KRIFILIND,Plastic Products
Shyama Computronics and Services Ltd,SHYAMACOMP,IT Services & Consulting
SSPN Finance Ltd,SSPNFIN,Diversified Financials
Befound Movement Ltd,BEFOUNDMOL,Business Support Services
Silver Pearl Hospitality & Luxury Spaces Ltd,SILVERPRL,"Hotels, Resorts & Cruise Lines"
Goyal Associates Ltd,GOYALASS,Specialized Finance
Amarnath Securities Ltd,AMARSEC,Investment Banking & Brokerage
Ashiana Agro Industries Ltd,ASHAI,Investment Banking & Brokerage
JLA Infraville Shoppers Ltd,JSHL,Retail - Online
Suncity Synthetics Ltd,SUNCITYSY,Textiles
52 Weeks Entertainment Ltd,SHAQUAK,Movies & TV Serials
Gujarat Winding Systems Ltd,GUJWIND,Packaging
Sanco Industries Ltd,SANCO,Building Products - Pipes
Beeyu Overseas Ltd,BEEYU,Tea & Coffee
Kanungo Financiers Ltd,KANUNGO,Labs & Life Sciences Services
Vaishno Cement Company Ltd,VAICC,Cement
Integrated Hitech Ltd,INTEGHIT,Software Services
Quintegra Solutions Ltd,QUINTEGRA,Software Services
Oswal Leasing Ltd,OSWALEA,Investment Banking & Brokerage
Khyati Multimedia Entertainment Ltd,KHYATI,Software Services
Bandhan Nifty 50 ETF,IDFNIFTYET,Equity
Unitech International Ltd,UNITINT,Commodities Trading
Jumbo Bag Ltd,JUMBO,Packaging
Pagaria Energy Ltd,WOMENNET,Commodities Trading
City Online Services Ltd,CITYONLINE,Cable & D2H
Keto Motors Ltd,KETOMOTORS,
SBL Infratech Ltd,SBLI,Real Estate
Athena Constructions Ltd,ATHCON,Real Estate
Motilal Oswal Nifty 200 Momentum 30 ETF,MOMOMENTUM,Equity
Unishire Urban Infra Ltd,UNISHIRE,Real Estate
GCM Commodity & Derivatives Ltd,GCMCOMM,Investment Banking & Brokerage
Shri Kalyan Holdings Ltd,SHKALYN,Investment Banking & Brokerage
Tricom Fruit Products Ltd,TRICOMFRU,Agro Products
Kovalam Investment and Trading Co Ltd,ZKOVALIN,Investment Banking & Brokerage
Rajvir Industries Ltd,RAJVIR,Textiles
PFL Infotech Ltd,PFLINFOTC,Online Services
Mafia Trends Ltd,MAFIA,Apparel & Accessories
Jalan Transolutions (India) Ltd,JALAN,Logistics
Spectra Industries Ltd,SPECTRA,Auto Parts
Olympic Management & Financial Services Ltd,OLYMTFI,Diversified Financials
Brilliant Portfolios Ltd,BRIPORT,Investment Banking & Brokerage
Gaekwar Mills Ltd,ZGAEKWAR,Textiles
SPV Global Trading Ltd,SPVGLOBAL,Investment Banking & Brokerage
Vasa Retail and Overseas Ltd,VASA,Textiles
Swadha Nature Ltd,SWADHATURE,Agro Products
SVA India Ltd,SVAINDIA,Commodities Trading
T Spiritual World Ltd,TSPIRITUAL,Commodities Trading
Hem Holdings and Trading Ltd,ZHEMHOLD,Investment Banking & Brokerage
Groww Silver ETF,GROWWSLVR,Silver
Indo Gulf Industries Ltd,IGLFXPL-B,Commodity Chemicals
Anand Projects Ltd,ANANDPROJ,Construction & Engineering
Hindusthan Udyog Ltd,ZHINUDYP,Industrial Machinery
Noble Polymers Ltd,NOBPOL,Plastic Products
Svarnim Trade Udyog Ltd,SNIM,Textiles
Mudra Financial Services Ltd,MUDRA,Diversified Financials
Shreenath Investment Company Ltd,SHRENTI,Specialized Finance
Technojet Consultants Ltd,TECHCON,Business Support Services
Gangotri Textiles Ltd,GANGOTRI,Apparel & Accessories
Sagar Systech Ltd,SAGARSYST,Software Services
Global Defence Industries Ltd,GDIL,"Precious Metals, Jewellery & Watches"
Omnipotent Industries Ltd,OMNIPOTENT,Building Products - Ceramics
Silveroak Commercials Ltd,SILVERO,Construction & Engineering
Sybly Industries Ltd,SYBLY,Textiles
MPF Systems Ltd,MPFSL,
Signature Green Corporation Ltd,SIGNGCL,Wood Products
Sheraton Properties and Finance Ltd,ZSHERAPR,Real Estate
Valley Magnesite Company Ltd,VALLEY,Conglomerates
Sarvamangal Marcantile Company Ltd,ZSARVAMA,Commodities Trading
Indoworth Holdings Ltd,UNIWSEC,Commodities Trading
Hind Commerce Ltd,HCLTD,Commodities Trading
Diksha Greens Ltd,DGL,Wood Products
Wardwizard Healthcare Ltd,AYOME,Health Care Equipment & Supplies
Shaw Construction Pvt. Ltd,SHAHCON,Construction & Engineering
Gold Rock Investments Ltd,ZGOLDINV,Investment Banking & Brokerage
Speedage Commercials Ltd,ZSPEEDCO,Diversified Chemicals
Kedia Construction Co Ltd,KEDIACN,Business Support Services
Ishwarshakti Holding & Traders Ltd,ISHWATR,Specialized Finance
Magnanimous Trade & Finance Ltd,MAGANTR,Investment Banking & Brokerage
Classic Electricals Ltd,CLASELE,Electrical Components & Equipments
Ridhi Synthetics Ltd,RIDHISYN,Real Estate
E & E Enterprises Ltd,EENTER,Specialized Finance
Jupiter Industries and Leasing Ltd,JPTRLES,Specialized Finance
Sunrise Industrial Traders Ltd,SUNRINV,Diversified Financials
Western Ministil Ltd,WMINIMT,Iron & Steel
Nirbhay Colours India Ltd,NIRBHAYIND,Textiles
Purity Flexpack Ltd,PURITY,Plastic Products
Varun Mercantile Ltd,VARUNME,Commodities Trading
Coromandel Agro Products and Oils Ltd,CORAGRO,Agro Products
Melstar Information Technologies Ltd,MELSTAR,IT Services & Consulting
Kusam Electrical Industries Ltd,KUSUMEL,Electrical Components & Equipments
Viksit Engineering Ltd,VIKSHEN,Iron & Steel
Unijolly Investments Company Ltd,UNIJOLL,Investment Banking & Brokerage
Arco Leasing Ltd,ZARCOLEA,Specialized Finance
Hindustan Housing Company Ltd,ZHINDHSG,Business Support Services
Megh Mayur Infra Ltd,TRANOCE,
Antariksh Industries Ltd,ANTARIKSH,Real Estate
Southern Gas Ltd,ZSOUTGAS,Gas Distribution
Bengal Steel Industries Ltd,BENGALS,Iron & Steel
Whitehall Commercial Company Ltd,WHITHAL,
Bharat Bond ETF - April 2025,EBBETF0425,Debt
Indokem Ltd,INDOKEM,Specialty Chemicals
PB Global Ltd,PBGLOBAL,Fertilizers & Agro Chemicals
D S Kulkarni Developers Ltd,DSKULKARNI,Real Estate
BHARAT Bond ETF-April 2031-Growth,EBBETF0431,Debt
ICICI Prudential Nifty Bank ETF,BANKIETF,Equity
Tata Nifty Private Bank Exchange Traded Fund,NPBET,Equity
Tulsyan NEC Ltd,TULSYAN,Iron & Steel
Bandhan BSE Sensex ETF,IDFSENSEXE,Equity
Guru Krupa Gems and Jewellery Ltd,GKL,"Precious Metals, Jewellery & Watches"
P B Films Ltd,PBFL,Movies & TV Serials
Legacy Mercantile Ltd,LEGACY,
SBI BSE 100 ETF,SETFBSE100,Equity
Web Element Solutions Ltd,WEBSL,
Has Lifestyle Ltd,HASJUICE,
Adhiraj Distributors Ltd,ADHIRAJ,
Kanak Krishi Implements Ltd,KKIL,
Supernova Advertising Ltd,SUPERNOVA,
Parnav Sports Academy Ltd,PSAL,
Nippon India ETF BSE Sensex,SENSEXBEES,Equity
Dekson Castings Ltd,DEKSON,
Gracious Software Ltd,GSL,
Real Growth Corporation Ltd,RGCORP,
Abhijit Trading Co Ltd,ABHIJIT,Investment Banking & Brokerage
Sharp Investments Ltd,SHARPINV,
SBI BSE Sensex ETF,SBISENSEX,Equity
Shiv Kamal Impex Ltd,SHIVKAMAL,Diversified Financials
Vinayak Vanijya Ltd,VINVANI,Investment Banking & Brokerage
Madala Holdings Ltd,MADALA,Real Estate
Jeet Machine Tools Ltd,ZJEETMAC,Industrial Machinery
Vsd Confin Ltd,VSDCONF,Real Estate
Midland Polymers Ltd,MIDPOLY,Plastic Products
Tirupati Finlease Ltd,TFLL,Specialized Finance
U F M Industries Ltd,UFMINDL,
Sueryaa Knitwear Ltd,SUERYAAKNI,Textiles
Vardhan Capital and Finance Ltd,VARDHANCFL,Specialized Finance
Shikhar Leasing and Trading Ltd,SHIKHARLETR,Specialized Finance
Tivoli Construction Ltd,TVOLCON,Construction & Engineering
Sidh Automobiles Ltd,SIDH,
Raideep Industries Ltd,RAIDEEPIND,Textiles
Alna Trading and Exports Ltd,ALNATRD,Tea & Coffee
Healthy Investments Ltd,HEALINV,Specialized Finance
Jyot International Marketing Ltd,JYOTIN,Asset Management & Custody Banks
Ventura Guaranty Ltd,SHYAM,Diversified Financials
Springform Technology Ltd,ZNEWSAGA,Software Services
Vivid Global Industries Ltd,VIVIDIND,
Nurture Well Industries Ltd,NWIL,Packaged Foods & Meats
Advance Multitech Ltd,ADVMULT,Textiles
Kalind Ltd,KALIND,Real Estate
TTL Enterprises Ltd,TTLEL,
Jumbo Finance Ltd,JUMBFNL,Investment Banking & Brokerage
Multiplus Holdings Ltd,MULTIIN,Investment Banking & Brokerage
Punctual Trading Ltd,PUNCTRD,
Hariyana Ventures Ltd,HVL,
Twin Roses Trades and Agencies Ltd,TWIROST,
Bajaj Global Ltd,BAJGLOB,Consumer Finance
Asutosh Enterprises Ltd,ASUTENT,Investment Banking & Brokerage
Nivi Trading Ltd,ZNIVITRD,Investment Banking & Brokerage
Meenakshi Steel Industries Ltd,MEENST,Specialized Finance
Microse India Ltd,MICROSE,Investment Banking & Brokerage
Terraform Magnum Ltd,TERRAFORM,Real Estate
Bentley Commercial Enterprises Ltd,BENTCOM,
Satyam Silk Mills Ltd,ZSATYASL,Investment Banking & Brokerage
Terraform Realstate Ltd,TERRAREAL,Real Estate
Avon Mercantile Ltd,AVONMERC,Specialized Finance
Devinsu Trading Ltd,DEVITRD,
Triochem Products Ltd,TRIPR,Pharmaceuticals
Nilkanth Engineering Ltd,ZNILKENG,Diversified Financials
Kajal Synthetics and Silk Mills Ltd,KAJALSY,Investment Banking & Brokerage
Oseaspre Consultants Ltd,OSEASPR,Electrical Components & Equipments
Pet Plastics Ltd,PETPLST,Plastic Products
Mansoon Trading Co Ltd,ZMANSOON,
SBI Nifty Private Bank ETF,SBIETFPB,Equity
Mirae Asset Nifty 100 ESG Sector Leaders ETF,ESG,Equity
Motilal Oswal Nifty 5 year BM G-Sec ETF,MOGSEC,Debt
Oriental Infra Trust,OSEINTRUST,Construction & Engineering
SBI Nifty IT ETF,SBIETFIT,Equity
Axis NIFTY Bank ETF,AXISBNKETF,Equity
Bharti Airtel Ltd Partly Paidup,AIRTELPP,Telecom Services
Digital Fibre Infrastructure Trust,DIGIFIBRE,
Automobile Products of India Ltd,AUTOPRD,Auto Parts
SMC Credits Ltd,SMCREDT,
IRB Infrastructure Trust,IRBIT,Roads
Skipper Ltd Partly Paidup,SKIPPERPP,
Mirae Asset Nifty Smallcap 250 Momentum Ql 100 ETF,SMALLCAP,Equity
Ardi Investment and Trading Co Ltd,ZARDIINV,Specialized Finance
Zerodha Gold ETF,GOLDCASE,Gold
Shentracon Chemicals Ltd,SHENTRA,
Yarn Syndicate Ltd Partly Paidup,YARNPP,
Solara Active Pharma Sciences Ltd Partly Paidup,SOLARAPP1,
Suraj Industries Ltd Partly Paid-up,SURAJINDPP,
Esquire Money Guarantees Ltd,ESQRMON,Consumer Finance
MITCON Consultancy & Engg. Serv. Ltd Partly Paidup,MITCONPP,Education Services
Ace Software Exports Ltd Partly Paidup,ACESEPP,
California Software Company Ltd Partly Paidup,CALSOFTPP,
Fusion Finance Ltd Partly Paidup,FUSIONPP,
Aplab Ltd Partly Paidup,APLABPP,
GVP Infotech Ltd Partly Paidup,GVPTECHPP,
Kati Patang Life Style Ltd Partly Paidup,PATANGPP,
Highway Infrastructure Ltd,HILINFRA,Roads
Spandana Sphoorty Financial Ltd Partly Paidup,SSFLPP,
Lloyds Enterprises Ltd Partly Paidup,LLOYDPP,
Rockingdeals Circular Economy Ltd Partly Paidup,ROCKPP,
Allcargo Terminals Ltd Partly Paidup,ATLPP,
Krishival Foods Ltd Partly Paidup,KRISHPP,
Anirit Ventures Ltd Partly Paidup,ANIRITPP,
Groww Nifty PSE ETF,GROWWPSE,Equity
Mirae Asset Nifty 500 Healthcare ETF,HEALTHCARE,Equity
Mirae Asset Nifty India Infrastr. & Logistics ETF,INFRA,Equity
Mirae Asset BSE India Defence ETF,DEFENCE,Equity
Gaudium IVF and Women Health Ltd,GAUDIUMIVF,Hospitals & Diagnostic Centres
PVV Infra Ltd Partly Paid-up,PVVIPP,
Angel One Silver ETF,AONESILVER,Silver
Aditya Birla Sun Life BSE Top 10 Banks ETF,ABSL10BANK,Equity
Groww BSE Hospitals ETF,GROWWHOSPI,Equity
SBI Nifty Midcap 150 Momentum 50 ETF,SBIMIDMOM,Equity
DSP BSE Top 10 Banks ETF,BANK10ADD,Equity
Groww Nifty PSU Bank ETF,GROWWPSUBK,Equity
Mirae Asset Nifty 500 Value 50 ETF,VALUE,Equity
HSBC Gold ETF,HSBCGOLD,Gold
B C C Fuba India Ltd Partly Paidup,BCCPP,
SBI Nifty Midcap 150 ETF,SBINMID150,Equity
Vertex Securities Ltd Partly Paidup,VERTEXPP,
TIL Ltd Partly Paidup,TILPP,
Edelweiss Nifty Next 50 ETF,ENEXT50,Equity
SBI Nifty Smallcap 250 ETF,SBISMLETF,Equity
SBI Nifty200 Value 30 ETF,SBIVALETF,Equity
DSP Nifty FMCG ETF,FMCGADD,Equity
Groww Nifty Private Bank ETF,PVTBKGROWW,Equity
360 ONE MSCI India ETF,MSCI360,Equity
Harikanta Overseas Ltd,HARIKANTA,
Yaashvi Jewellers Ltd,YAASHVI,
Rajnandini Fashion India Ltd,RFIL,